StationID,TimeStamp,magn@var,magn@power,magn@skew,magn@kurt,magn@abs_max,magn@abs_mean,magn@abs_max_top5p,magn@abs_max_top10p,magn@energy_sstd,magn@energy_smax,magn@power_0_5,magn@power_5_10,magn@power_10_15,magn@power_15_20,magn@power_20_25,magn@power_25_30,magn@power_30_35,magn@power_35_40,magn@power_40_60,magn@power_140_160,magn@power_other,magn@frequency_center,magn@mean_square_frequency,magn@variance_frequency,magn@frequency_entropy,magn@level4d_abs_mean,magn@level4d_energy,magn@level4d_energy_smax,magn@level4d_energy_sstd,magn@level5d_abs_mean,magn@level5d_energy,magn@level5d_energy_smax,magn@level5d_energy_sstd,magn@level6a_abs_mean,magn@level6a_energy,magn@level6a_energy_smax,magn@level6a_energy_sstd,magn@level6d_abs_mean,magn@level6d_energy,magn@level6d_energy_smax,magn@level6d_energy_sstd,magn@ulf_abs_mean,magn@ulf_var,magn@ulf_power,magn@ulf_skew,magn@ulf_kurt,magn@ulf_abs_max,magn@ulf_abs_max_top5p,magn@ulf_abs_max_top10p,magn@ulf_energy_sstd,magn@ulf_energy_smax
78,1609315800,3.964272,3.9642740000000005,0.0003679116,-1.3384,3.1718480000000002,1.7430420000000002,2.9445140000000003,2.78476,0.04460662,1.6704260000000002,1.18623546e-05,1.0589173999999999e-05,1.0501223200000002e-05,1.22864756e-05,1.784945e-05,2.374399e-05,4.210612e-05,8.611817999999999e-05,1.9707320000000004,0.010954919999999998,0.0002325604,62.08124,50.58782,0.0001318338,5.843884,0.031170660000000006,41.92276,0.00143530698,0.000131929772,0.06487013999999999,172.4798,0.00143530698,0.000131929772,0.0055519160000000005,40.93388,0.00143530698,0.000131929772,0.004090298,40.62636,0.00143530698,0.000131929772,0.002803408,1.8372e-05,1.860804e-05,0.4936408,9.578364,0.04001304,0.006401548,0.0044887,1.096737e-05,7.9176e-05
78,1609316400,3.875006999999999,3.875008,0.0007074071,-1.3328280000000001,3.2692390000000002,1.7214120000000002,2.91279,2.7511229999999998,0.05216648,1.6907140000000003,7.2538719e-06,4.439169e-06,4.3617021000000005e-06,5.7292362e-06,1.0391631e-05,1.5458098e-05,3.161948e-05,7.705889e-05,1.925375,0.01165838,0.00031227930000000004,66.32951,50.63814000000001,0.00012885209999999997,6.266529,0.030858230000000004,41.21753,0.0026322497,0.00024380221999999998,0.06416346,168.88709999999998,0.0026322497,0.00024380221999999998,0.00611701,59.57783099999999,0.0026322497,0.00024380221999999998,0.0045672790000000005,60.004862,0.0026322497,0.00024380221999999998,0.003004747,2.123298e-05,2.2161270000000002e-05,0.18461135999999997,11.391518999999999,0.039254990000000003,0.005200644,0.003309247,1.2852858e-05,7.661012e-05
78,1609317000,4.78988,4.789883000000001,-0.0010703333,-1.351839,3.5543589999999994,1.9198730000000002,3.2054470000000004,3.04948,0.06620068999999999,2.0744,1.2857122e-05,1.17975e-05,1.18961609e-05,1.41618788e-05,2.0338667e-05,2.7542833e-05,4.807066e-05,9.992893000000001e-05,2.383578,0.010819249,0.00029832770000000005,63.02744,50.48601,0.0001592874,5.969491,0.03437243,50.74372999999999,0.0044137297,0.00040398956000000004,0.0713097,208.97480000000002,0.0044137297,0.00040398956000000004,0.006898328,86.66029,0.0044137297,0.00040398956000000004,0.005423249000000001,88.09421,0.0044137297,0.00040398956000000004,0.003026421,1.489217e-05,1.76408e-05,0.25221454,9.949508,0.03832943,0.004087223,0.002414123,5.0237159999999995e-06,3.4537660000000004e-05
78,1609317600,5.161087,5.161091000000001,-0.0016363000000000003,-1.384966,3.5654209999999997,2.004386,3.289038,3.1342710000000005,0.08470102,2.223056,1.3450633999999998e-05,1.0437115e-05,1.0254553299999998e-05,1.23346681e-05,1.8266434999999998e-05,2.4493843999999996e-05,4.6499093999999994e-05,9.245724e-05,2.571929,0.008092511,0.0002973202,63.400670000000005,50.338890000000006,0.0001716665,6.037297000000001,0.03586245,54.63453,0.00279468998,0.00025551341,0.07421979000000001,226.4004,0.00279468998,0.00025551341,0.006692755,68.922217,0.00279468998,0.00025551341,0.0049759750000000005,69.134282,0.00279468998,0.00025551341,0.00333709,1.484179e-05,1.9582019999999998e-05,0.22668029,7.837127000000001,0.03493803999999999,0.0037097910000000005,0.002075111,4.2893950000000005e-06,2.9797179999999995e-05
78,1609318200,5.407427,5.407431000000001,-0.0006008855000000002,-1.386987,3.6683989999999995,2.052259,3.3634399999999993,3.211073,0.07224196000000001,2.318251,2.4083268e-05,1.962012e-05,2.0189797600000003e-05,2.395858e-05,3.3184078e-05,4.3858288e-05,7.362236999999999e-05,0.00014966281000000002,2.695111,0.007782551,0.0004362126,62.29189,50.31168,0.0001796871,6.426443000000001,0.03671298,57.24353,0.005201590799999999,0.00047600795,0.07597932,237.0193,0.005201590799999999,0.00047600795,0.007461983,97.07802999999998,0.005201590799999999,0.00047600795,0.0055990910000000005,98.881,0.005201590799999999,0.00047600795,0.0035647740000000006,1.414339e-05,2.0849749999999998e-05,0.24192642999999997,5.770265,0.030681029999999998,0.003318152,0.001680496,3.6723749999999997e-06,2.768073e-05
78,1609318800,4.504663,4.504671,0.00018945385999999997,-1.380808,3.355453,1.87363,3.0905069999999997,2.9297770000000005,0.0695944,1.9325599999999998,1.1426579000000001e-05,4.358639e-06,3.9505293000000005e-06,5.108888e-06,9.309001999999999e-06,1.2846537000000001e-05,2.705265e-05,6.52846e-05,2.2439590000000003,0.007975435999999999,0.0002664344999999999,65.86361000000001,50.375890000000005,0.0001498841,5.96639,0.03349515,48.136829999999996,0.004063672999999999,0.00037172083,0.06936497999999999,197.4745,0.004063672999999999,0.00037172083,0.007498631,85.76135,0.004063672999999999,0.00037172083,0.005545825,86.81353999999999,0.004063672999999999,0.00037172083,0.00376704,1.4324450000000001e-05,2.2802910000000002e-05,0.2531653,6.904647,0.0324145,0.002896692,0.001246884,4.029249000000001e-06,3.2239330000000004e-05
78,1609319400,4.743759,4.743769,0.00018333944000000006,-1.376552,3.4449680000000003,1.9243169999999998,3.178747,3.016967,0.05651463999999999,2.018963,2.49084e-05,1.6432906e-05,1.69267955e-05,1.9966695e-05,2.7557584e-05,3.6782132e-05,6.381662000000002e-05,0.00013047907,2.357017,0.014136698999999999,0.0003981704,64.60437,50.62165,0.00015766420000000003,6.409602000000001,0.0341011,50.53029,0.004111562,0.0003760255,0.07109621,207.3191,0.004111562,0.0003760255,0.007539021999999999,83.20185,0.004111562,0.0003760255,0.005414168,84.24177,0.004111562,0.0003760255,0.004011611,1.527288e-05,2.542845e-05,0.28072060000000004,6.786595,0.03195054,0.002767043,0.0011264226999999998,4.1376579999999995e-06,3.172974e-05
78,1609320000,4.819609999999999,4.819623,-0.0009691920499999999,-1.3365040000000001,3.538608,1.9223860000000002,3.235185,3.0550300000000004,0.07267491,2.069622,2.133894e-05,1.1733164000000001e-05,1.2054837400000003e-05,1.4727912999999999e-05,2.1527363999999998e-05,3.0047345000000003e-05,5.4213079999999996e-05,0.00012194179,2.3910969999999994,0.017994809999999997,0.00043750969999999996,65.5795,50.80033,0.0001602308,6.266298,0.03420508,51.21636000000001,0.0041382986000000005,0.00037842154,0.07138565999999999,209.57049999999998,0.0041382986000000005,0.00037842154,0.0076548169999999995,85.68155999999999,0.0041382986000000005,0.00037842154,0.005405905000000001,86.58829,0.0041382986000000005,0.00037842154,0.004244295,1.6492260000000002e-05,2.7981940000000003e-05,0.27861600000000003,6.034004,0.03555308,0.0028937029999999996,0.0011350495000000001,4.334841e-06,3.7548699999999995e-05
78,1609320600,5.296982,5.296995000000001,-7.763807000000001e-05,-1.339233,3.6542990000000004,2.017367,3.3985779999999997,3.214524,0.050297119999999994,2.218917,2.324646e-05,1.2996542999999998e-05,1.3206439999999999e-05,1.6073766000000002e-05,2.3332571999999998e-05,3.2149374e-05,5.7546609999999996e-05,0.00012099039999999999,2.629871,0.01788312,0.00044909750000000003,65.73548,50.703739999999996,0.000176048,6.328474,0.03596094,56.18551,0.0048306967,0.00044181034000000005,0.07503948999999999,230.91920000000005,0.0048306967,0.00044181034000000005,0.007817901,90.94877399999999,0.0048306967,0.00044181034000000005,0.005485118,92.54077299999999,0.0048306967,0.00044181034000000005,0.004231698000000001,1.450767e-05,2.6914080000000002e-05,0.21810239999999997,4.677524999999999,0.027226080000000003,0.002510791,0.0007987934,3.597488e-06,2.811434e-05
78,1609321200,5.250833999999999,5.250846,-0.0005626038,-1.3209559999999998,3.636034,1.999393,3.396103,3.214636,0.040684170000000006,2.181443,2.7953749999999996e-05,1.6418517e-05,1.6821864e-05,1.96129844e-05,2.6944426000000004e-05,3.4985882e-05,6.1400123e-05,0.00013347633,2.605498,0.019236910000000003,0.0003550562,63.820049999999995,50.754380000000005,0.00017460999999999998,6.138924999999999,0.0359304,56.14332,0.003796909409999999,0.000347041578,0.07481542,229.842,0.003796909409999999,0.000347041578,0.007800725000000001,82.35841400000001,0.003796909409999999,0.000347041578,0.005361062,83.002694,0.003796909409999999,0.000347041578,0.0045091079999999995,1.7359450000000002e-05,3.092259e-05,0.2224255,5.859668,0.03356155,0.0028379729999999997,0.0009848578,4.513945e-06,3.841114999999999e-05
78,1609321800,4.216443999999999,4.216455999999999,-0.0024978305,-1.2918459999999998,3.4084039999999995,1.775816,3.025107,2.8555260000000002,0.11485030999999998,1.9026529999999997,2.2796199999999997e-05,9.8999983e-06,1.0145896799999999e-05,1.23146739e-05,1.8259996999999996e-05,2.5106731e-05,4.4707103999999995e-05,0.00010099907000000002,2.090107,0.01752538,0.000357213,66.82079,50.89231,0.00014018525,6.3014589999999995,0.0319528,44.949549999999995,0.0040659179,0.00037175423,0.06655301,184.1809,0.0040659179,0.00037175423,0.007735544000000001,80.88793000000001,0.0040659179,0.00037175423,0.0052484770000000005,81.95235,0.0040659179,0.00037175423,0.004389636,1.4487568999999999e-05,2.862114e-05,0.24775160000000002,7.401952,0.03163499,0.0019739227,0.00039301529999999997,3.968142e-06,3.149584e-05
78,1609322400,4.380272,4.3802900000000005,-0.0018120784999999997,-1.295022,3.488317,1.819137,3.1081309999999998,2.892875,0.17005692,2.03122,1.9271849999999997e-05,5.772227000000001e-06,5.8706860000000004e-06,7.84833e-06,1.3589488000000001e-05,1.9153143000000002e-05,3.810735e-05,8.550356e-05,2.172827,0.016729050000000002,0.0003991825,68.21936,50.79693000000001,0.0001456043,6.408526999999999,0.03276497,47.08979,0.0028240925,0.00025798277,0.06813224999999999,192.3414,0.0028240925,0.00025798277,0.007700194999999998,71.21045000000001,0.0028240925,0.00025798277,0.005131821999999999,71.07875,0.0028240925,0.00025798277,0.004374754,1.44311e-05,2.8826950000000004e-05,0.1334553,8.235966000000001,0.03259919,0.0018453769999999998,0.00028001753899999993,5.925917e-06,4.6094130000000005e-05
78,1609323000,4.287771,4.287787,-0.0020045579,-1.3021189999999998,3.4539679999999997,1.8042469999999997,3.0567939999999996,2.8734509999999998,0.13206396999999997,1.9506050000000001,2.0401649999999998e-05,6.684528000000001e-06,6.5285073e-06,8.1069898e-06,1.2963992000000001e-05,1.7275609e-05,3.390253e-05,7.402218e-05,2.1269389999999997,0.016517957,0.00026440491,66.46692,50.80296,0.0001425754,5.840274,0.0323986,45.80825,0.00283231718,0.000258758392,0.06746497000000001,187.7378,0.00283231718,0.000258758392,0.007115352,61.52091,0.00283231718,0.000258758392,0.004509841,61.78459,0.00283231718,0.000258758392,0.004359994000000001,1.275821e-05,2.7625899999999996e-05,0.25889504999999996,8.336093000000002,0.028235930000000003,0.001506692,-1.5937759999999992e-05,4.487956999999999e-06,3.4705530000000004e-05
78,1609323600,4.7140010000000006,4.714017,-0.0005591194999999999,-1.30837,3.492445,1.8940259999999998,3.2449730000000003,3.046293,0.04247232999999999,1.96934,2.8841800000000002e-05,1.5521268e-05,1.5916599099999998e-05,1.8437357699999998e-05,2.4984306e-05,3.2792821e-05,5.3653466000000004e-05,0.00010935846999999998,2.338102,0.01835482,0.00026014999999999995,64.00831000000001,50.79243,0.0001567639,6.000367999999999,0.03409953,50.50953,0.004345952,0.0003973407,0.07100253,206.79120000000003,0.004345952,0.0003973407,0.007989191999999999,86.08009999999999,0.004345952,0.0003973407,0.0054126700000000005,87.18218,0.004345952,0.0003973407,0.004445246,1.3766359999999998e-05,2.8862369999999998e-05,0.20097961,8.292957,0.03287017,0.0017858819999999997,0.0001392398,4.368618e-06,3.463408e-05
78,1609324200,4.242488,4.242504000000001,0.0008408528000000001,-1.3211660000000003,3.3199379999999996,1.7992530000000002,3.0594919999999997,2.886726,0.04676275,1.792764,2.5312289999999997e-05,1.1382257e-05,1.1748327e-05,1.4058441999999999e-05,1.9810351000000002e-05,2.6067555e-05,4.6397859999999996e-05,9.734736000000001e-05,2.106379,0.01433013,0.00030011529999999994,65.13582,50.699400000000004,0.0001410315,6.298629,0.03222121,44.93286,0.004150900000000001,0.0003795001,0.06723845,185.5498,0.004150900000000001,0.0003795001,0.007796257999999999,80.72373000000002,0.004150900000000001,0.0003795001,0.005206288,81.97961000000001,0.004150900000000001,0.0003795001,0.004373479,1.186388e-05,2.716761e-05,0.2629916,7.991708,0.029021909999999995,0.0014183899999999998,-0.00013926137,3.4878710000000004e-06,2.950497e-05
78,1609324800,4.348829,4.348845,1.2454000000000067e-06,-1.3282530000000001,3.3120260000000004,1.8233339999999998,3.085444,2.9138770000000003,0.04788306999999999,1.8411559999999998,2.341809e-05,8.856017000000001e-06,9.032750600000002e-06,1.11139511e-05,1.6617637e-05,2.2867023e-05,4.236499e-05,9.128664e-05,2.160386,0.013479621,0.0003385332,65.83595999999999,50.6645,0.0001445663,6.230290999999999,0.03266592,46.01262,0.0027327259000000004,0.00024948688999999996,0.06802074,189.9146,0.0027327259000000004,0.00024948688999999996,0.007536814,65.307954,0.0027327259000000004,0.00024948688999999996,0.004890790000000001,65.220293,0.0027327259000000004,0.00024948688999999996,0.004478163,1.2883880000000002e-05,2.8711710000000002e-05,0.25010560000000004,7.695301000000001,0.030117859999999996,0.0015290100000000001,-7.521985999999999e-05,3.840448e-06,3.073212999999999e-05
78,1609325400,4.040126,4.040139,-0.0004082100999999999,-1.3142600000000002,3.2426850000000003,1.75275,2.9869270000000006,2.820685,0.05067755,1.7170459999999999,1.8696240000000002e-05,3.830139e-06,3.6658955999999996e-06,5.0128362000000005e-06,9.465277e-06,1.3898154999999999e-05,2.9572985999999998e-05,7.085623999999999e-05,2.005559,0.014057430000000001,0.00030638353,66.86022,50.719809999999995,0.0001343464,6.1399,0.03160744,43.16335,0.0035416198000000005,0.0003236439,0.06558167000000001,176.53230000000002,0.0035416198000000005,0.0003236439,0.0076779710000000004,73.23410000000001,0.0035416198000000005,0.0003236439,0.005027614,73.88764,0.0035416198000000005,0.0003236439,0.004507134,1.272484e-05,2.8899229999999995e-05,0.2900493,8.386799,0.02987306,0.001340263,-0.0002149373,3.5682869999999996e-06,2.9572260000000005e-05
78,1609326000,4.213345,4.213361,0.00063534488,-1.383623,3.201773,1.810658,2.981565,2.837075,0.04737513,1.759753,2.576217e-05,1.08306751e-05,1.1024452200000001e-05,1.3268880699999997e-05,1.9170079000000004e-05,2.6778061999999996e-05,4.8962135e-05,0.00010041768999999999,2.1000379999999996,0.006080390999999999,0.00031195756,61.970600000000005,50.30416,0.00014009590000000003,6.113034000000001,0.03252982,45.22905,0.0034900912,0.00031890677,0.06725857,185.7766,0.0034900912,0.00031890677,0.007577911,71.95033000000001,0.0034900912,0.00031890677,0.004890177999999999,72.61477000000001,0.0034900912,0.00031890677,0.0044970999999999995,1.2376179999999999e-05,2.865419e-05,0.3038583,8.75962,0.02980271,0.0013047328999999997,-0.00021054322,3.867402e-06,3.1162570000000003e-05
78,1609326600,3.998957,3.9989730000000003,0.0018382113999999999,-1.372908,3.1436450000000002,1.761859,2.918601,2.767547,0.05893432,1.731877,2.2357190000000003e-05,7.143290000000001e-06,7.1123743e-06,8.757554000000001e-06,1.3388965999999999e-05,1.7931832e-05,3.335847e-05,7.25473e-05,1.988307,0.010768007,0.00023737459999999998,64.26393999999999,50.56546,0.00013301250000000001,6.085389,0.031540649999999996,43.05081,0.0029245519,0.00026708174000000004,0.06541966,176.1062,0.0029245519,0.00026708174000000004,0.007409333999999999,63.20997,0.0029245519,0.00026708174000000004,0.00468191,63.554019999999994,0.0029245519,0.00026708174000000004,0.004468095,1.1130151e-05,2.7717529999999995e-05,0.25678003,6.678684999999999,0.026409270000000002,0.0010647782,-0.00040027481,3.3550750000000002e-06,2.9490270000000003e-05
78,1609327200,3.3142410000000004,3.314258,0.0025466760000000003,-1.3198469999999998,2.980704,1.59444,2.709533,2.5517279999999998,0.04679213,1.426684,2.2651320000000003e-05,6.873620599999999e-06,7.0343503e-06,8.7835315e-06,1.3099289999999998e-05,1.8746933e-05,3.5817719999999996e-05,7.492375e-05,1.638881,0.017811470000000003,0.0002575946,66.97045999999999,51.09947,0.00011016750000000001,6.2006,0.02839309,35.509150000000005,0.0033559229,0.00030667449,0.05934113,144.5975,0.0033559229,0.00030667449,0.007402784,67.04137999999999,0.0033559229,0.00030667449,0.004658946000000001,67.62543,0.0033559229,0.00030667449,0.004526281,1.1124094e-05,2.8038309999999996e-05,0.10383313999999999,2.330647,0.015075750000000002,0.0013187302999999998,-0.0002508465,1.588494e-06,1.624039e-05
78,1609327800,3.484704,3.4847209999999995,-0.0009891366,-1.316278,2.977779,1.6323750000000001,2.7747469999999996,2.621365,0.034006969,1.475927,2.406088e-05,7.912183e-06,7.954342e-06,9.491067999999999e-06,1.3954171e-05,1.8906534e-05,3.433752e-05,7.346032999999999e-05,1.7257850000000001,0.01618068,0.00021328745,64.74505000000002,50.943740000000005,0.00011589619999999999,6.043989,0.029275000000000002,37.61253,0.0029307111599999997,0.000267690142,0.0609266,152.4368,0.0029307111599999997,0.000267690142,0.0074812310000000005,63.58690999999999,0.0029307111599999997,0.000267690142,0.004660672,63.90337999999999,0.0029307111599999997,0.000267690142,0.0046167299999999994,1.220378e-05,2.9455429999999998e-05,0.12058155,1.98611,0.01603371,0.0015630809999999998,-6.151799e-05,1.621602e-06,1.809395e-05
78,1609328400,3.3937359999999996,3.393754,-0.003218011,-1.2978720000000001,2.9806280000000003,1.606476,2.759672,2.576777,0.053469935,1.437114,2.4700849999999996e-05,7.940047300000002e-06,8.1139339e-06,9.5901912e-06,1.4403504e-05,1.971718e-05,3.666736e-05,7.668228e-05,1.6768430000000003,0.019615459999999998,0.00023050709999999997,66.11346999999999,51.177189999999996,0.0001128534,6.085980999999999,0.028853419999999998,36.78586,0.0019352159,0.000176420839,0.06005762000000001,148.1829,0.0019352159,0.000176420839,0.006927042999999999,46.675090000000004,0.0019352159,0.000176420839,0.0040795480000000005,46.48533,0.0019352159,0.000176420839,0.004723466,1.317127e-05,3.087512e-05,0.13421063,1.436477,0.013595559999999998,0.0018610990000000002,7.415130000000001e-05,1.5040159999999997e-06,1.6858349999999998e-05
78,1609329000,3.267967,3.2679859999999996,-0.0034269780000000007,-1.302441,2.923139,1.576556,2.7049569999999994,2.531851,0.04755771,1.3950970000000003,2.3003960000000003e-05,6.6845424e-06,6.763234900000001e-06,8.590437500000001e-06,1.3076643e-05,1.9346816000000003e-05,3.75219e-05,8.266762999999999e-05,1.614486,0.01902888,0.0002878219,66.9919,51.17982000000001,0.0001086286,6.255801999999999,0.028292120000000004,35.4003,0.0024157319000000003,0.00022050281099999998,0.05889741,142.4654,0.0024157319000000003,0.00022050281099999998,0.006930390999999999,49.18588999999999,0.0024157319000000003,0.00022050281099999998,0.004125220000000001,49.329629999999995,0.0024157319000000003,0.00022050281099999998,0.004812202999999999,1.5021619999999998e-05,3.26237e-05,0.12950774,1.2574935,0.01557278,0.0023363919999999996,0.0004395902,1.726659e-06,1.906442e-05
78,1609329600,3.350366,3.3503860000000003,-0.003967315,-1.4426619999999999,2.811273,1.632628,2.5977040000000002,2.479464,0.0472316,1.4194879999999999,2.31069e-05,6.188547800000001e-06,6.1952317e-06,7.842309200000002e-06,1.2295603000000001e-05,1.7570822999999997e-05,3.401898e-05,7.371542e-05,1.6664469999999998,0.008303385,0.00027008880000000004,64.46847,50.57401,0.00011142833999999999,6.1347179999999994,0.028789749999999996,35.58400999999999,0.0025913396,0.00023653555,0.059533619999999995,145.7533,0.0025913396,0.00023653555,0.00743858,58.88216,0.0025913396,0.00023653555,0.0045742050000000005,58.91531,0.0025913396,0.00023653555,0.004762524,1.3915580000000001e-05,3.172755e-05,0.08907368000000002,2.2138158,0.016129229999999998,0.001992527,0.00021583193999999997,2.016379e-06,2.2957529999999997e-05
78,1609330200,3.5463989999999996,3.546416,-0.0037656729999999998,-1.3821119999999998,2.9114759999999995,1.6617190000000002,2.736159,2.5951519999999997,0.03694536,1.461509,2.2286879999999997e-05,5.657048e-06,5.556271e-06,6.860921e-06,1.1123324e-05,1.5960104e-05,3.07409e-05,6.790312e-05,1.7655560000000001,0.007233759000000001,0.0002599403,64.19759,50.44109,0.00011794959999999999,6.083407,0.029608460000000003,37.841899999999995,0.00234882846,0.000214308492,0.06149224000000001,155.1339,0.00234882846,0.000214308492,0.007232089,54.761522,0.00234882846,0.000214308492,0.004396787,54.658795,0.00234882846,0.000214308492,0.004726406,1.310095e-05,3.0989639999999995e-05,0.10701257999999998,1.9509180000000002,0.016221390000000002,0.0017032560000000002,1.782994e-05,1.751504e-06,1.978402e-05
78,1609330800,3.407199,3.407217,-0.007801766,-1.406998,2.8035850000000004,1.6357679999999999,2.6511419999999997,2.528853,0.018226059,1.393218,2.198474e-05,5.0656498000000005e-06,5.0500146999999995e-06,6.445947399999999e-06,1.0872080999999998e-05,1.5672590000000002e-05,3.1154244e-05,7.091751000000001e-05,1.698055,0.005084299,0.00031091089999999994,64.29162,50.32865000000001,0.00011329340000000002,6.159237,0.029077070000000003,36.34363,0.0026430478,0.000241284024,0.06031067,149.20880000000002,0.0026430478,0.000241284024,0.007412317999999999,58.75951,0.0026430478,0.000241284024,0.004548369,58.825059999999986,0.0026430478,0.000241284024,0.004681558000000001,1.2132829999999999e-05,3.0135630000000002e-05,0.1006638,1.570246,0.01421474,0.0014732880000000001,-0.000120908564,1.4891030000000001e-06,1.6730940000000002e-05
78,1609331400,3.5192840000000003,3.5193020000000006,-0.011957980000000002,-1.383924,2.8801639999999997,1.6563839999999999,2.7155700000000005,2.583793,0.024139893,1.458327,2.637761e-05,9.53597e-06,9.756787000000002e-06,1.1751142000000002e-05,1.7207009e-05,2.2927437e-05,4.2388930000000005e-05,8.852527e-05,1.752701,0.006390420000000001,0.00033880250000000003,63.45437999999999,50.39708,0.0001169799,6.2968850000000005,0.029386950000000002,37.218680000000006,0.00296806626,0.000271057882,0.0612014,153.5614,0.00296806626,0.000271057882,0.007483347999999999,62.546141,0.00296806626,0.000271057882,0.004619375,62.822563999999986,0.00296806626,0.000271057882,0.004698718,1.209226e-05,3.023612e-05,0.10591663899999999,1.833212,0.014455579999999999,0.0014420799999999999,-0.00015412257,1.5829799999999998e-06,1.8911330000000002e-05
78,1609332000,3.3130739999999994,3.3130939999999995,-0.00744108,-1.4249760000000002,2.733123,1.6188760000000002,2.5995429999999997,2.4799499999999997,0.020134879,1.3537219999999999,2.279404e-05,5.2797111e-06,5.0977523e-06,6.071882899999999e-06,9.533731000000001e-06,1.2794029e-05,2.5002551e-05,5.240149e-05,1.6537219999999997,0.0024872310000000003,0.0002047048,62.94032,50.16277000000001,0.0001102633,5.676012,0.02898022,35.75188000000001,0.0016430866999999998,0.00014962747999999998,0.05983756999999999,146.9366,0.0016430866999999998,0.00014962747999999998,0.006901795999999999,42.36425,0.0016430866999999998,0.00014962747999999998,0.003971179,41.938550000000006,0.0016430866999999998,0.00014962747999999998,0.004643901000000001,1.0916489999999999e-05,2.921396e-05,0.10501780599999999,2.891518,0.01575385,0.0010760553000000001,-0.0003883889,1.8941900000000002e-06,2.160364e-05
78,1609332600,3.404383,3.404401,-0.005170761,-1.3925139999999998,2.8224110000000002,1.629384,2.6607790000000002,2.540365,0.025405669999999998,1.397137,2.4239849999999998e-05,6.641207999999999e-06,6.5749375000000004e-06,7.982049e-06,1.2204709e-05,1.6510925e-05,3.0714342e-05,6.508556e-05,1.696742,0.005044771,0.00025141359999999996,63.371050000000004,50.322,0.0001132159,6.068622,0.029051149999999998,36.158069999999995,0.00266430957,0.00024321532600000002,0.060317579999999996,149.2739,0.00266430957,0.00024321532600000002,0.007287581999999999,56.68203,0.00266430957,0.00024321532600000002,0.004346663999999999,56.912608,0.00266430957,0.00024321532600000002,0.004651787,1.0129741e-05,2.890312e-05,0.11554173000000001,1.891518,0.01416576,0.0008484530000000001,-0.0005663110000000001,1.4679559999999998e-06,1.647743e-05
78,1609333200,1.497712,1.4977309999999997,-0.021415723,-1.260507,1.9794619999999998,1.0483806,1.809242,1.7005649999999999,0.026938842,0.6513698000000001,1.991766e-05,1.8137517e-06,1.7308274e-06,2.1627881000000003e-06,3.6989130000000004e-06,5.271368999999999e-06,1.2653157000000002e-05,2.629212e-05,0.7397487,0.00884863,0.00020335710000000002,69.91526999999999,51.32042,4.9829660000000006e-05,6.076776,0.01891633,16.061879999999995,0.00132786188,0.000120971366,0.03933787,64.63929,0.00132786188,0.000120971366,0.0061269919999999995,26.402426000000002,0.00132786188,0.000120971366,0.0028896179999999996,26.2968876,0.00132786188,0.000120971366,0.004537515999999999,7.433872e-06,2.6003859999999997e-05,0.17889152,3.185125,0.011025277000000002,-9.926009e-05,-0.0013555477,1.319766e-06,1.389149e-05
78,1609333800,1.41825,1.418268,-0.011388954,-1.242283,1.933783,1.0231329,1.7946550000000001,1.6879279999999999,0.01609031,0.5954262000000001,2.272098e-05,4.3053970000000004e-06,4.488396999999999e-06,5.37707e-06,7.774657e-06,1.0767688e-05,2.0772049999999997e-05,4.1605850000000004e-05,0.6996052,0.009226051,0.0001920847,66.59896,51.34266,4.712694000000001e-05,6.434139,0.01868899,15.28177,0.00093175702,8.4639159e-05,0.03872474,61.50222,0.00093175702,8.4639159e-05,0.006091711,21.415720999999998,0.00093175702,8.4639159e-05,0.0027920189999999998,21.009934,0.00093175702,8.4639159e-05,0.004540580000000001,6.677782000000001e-06,2.562083e-05,0.14544867999999997,3.2952019999999997,0.010426353999999999,-0.0003744252,-0.0015384079999999998,1.3055820000000002e-06,1.359097e-05
78,1609334400,1.0734776,1.0734972,-0.00465913,-1.156605,1.743503,0.8736619999999998,1.592374,1.4802069999999998,0.019026322999999998,0.4559021,2.183368e-05,3.1189129e-06,3.2253901999999997e-06,3.857470199999999e-06,5.568680999999999e-06,8.0578e-06,1.6192212e-05,3.100264e-05,0.5250528,0.01146378,0.0001479897,69.27856999999999,52.35304,3.568235e-05,6.310858,0.0160759,11.594531,0.00096473271,8.7677472e-05,0.03332866999999999,45.971799999999995,0.00096473271,8.7677472e-05,0.005935627,19.599867,0.00096473271,8.7677472e-05,0.002505882,19.380237,0.00096473271,8.7677472e-05,0.004539862,6.5467319999999995e-06,2.5491670000000003e-05,0.21452915999999997,6.537107000000001,0.014051011999999998,-0.0005114043999999999,-0.0016700509999999999,1.6897240000000001e-06,1.8675470000000002e-05
78,1609335000,0.7592391999999999,0.7592578999999999,-0.014332985400000001,-0.9791015,1.5231859999999997,0.7090534,1.40138,1.286065,0.006718202000000001,0.31509090000000006,2.039819e-05,1.7723035000000002e-06,1.8777293199999999e-06,2.3278342e-06,3.5945341999999996e-06,5.557926e-06,1.2650262999999999e-05,2.3603949999999996e-05,0.3615053,0.017902629999999996,0.000158408,75.27907000000002,54.77459,2.522286e-05,6.492558,0.01351512,8.275687000000001,0.0006782712400000001,6.146966289999999e-05,0.02775069,31.563920000000003,0.0006782712400000001,6.146966289999999e-05,0.005698728,14.434081,0.0006782712400000001,6.146966289999999e-05,0.0021617399999999997,14.068370999999999,0.0006782712400000001,6.146966289999999e-05,0.004521404000000001,5.775141e-06,2.4685970000000002e-05,0.18819480000000002,4.799451,0.010281819000000001,-0.0008424131,-0.0019355320000000002,1.364637e-06,1.3513819999999999e-05
78,1609335600,0.9338262,0.9338456999999998,-0.0101690649,-1.0690623999999997,1.672777,0.8038526000000001,1.510733,1.4047189999999998,0.019515754000000003,0.40176249999999997,2.0638060000000002e-05,1.5947014e-06,1.6363456000000004e-06,2.1168791e-06,3.567748e-06,5.837411e-06,1.2875328000000002e-05,2.4558109999999995e-05,0.4501615000000001,0.01652008,0.0001767427,72.59941,53.647040000000004,3.1037160000000006e-05,6.275612000000001,0.01527711,10.316357,0.0010117469,9.195394e-05,0.031067050000000002,39.81598,0.0010117469,9.195394e-05,0.006180262,21.897356,0.0010117469,9.195394e-05,0.0026565539999999998,21.654043,0.0010117469,9.195394e-05,0.004574834,6.519013e-06,2.566432e-05,0.1846945,4.238309,0.010959865,-0.00062298196,-0.001787809,1.550942e-06,1.433615e-05
78,1609336200,1.0479125999999999,1.047931,-0.0055894093,-1.2241190000000004,1.6967379999999999,0.8778005999999999,1.5518709999999998,1.4532070000000001,0.014509251,0.4402717,2.166857e-05,3.0240255e-06,3.1782821999999995e-06,3.8453197e-06,5.741714100000001e-06,8.302842e-06,1.6910592000000002e-05,3.05782e-05,0.514069,0.009657917,0.00015218889999999997,68.74023,51.846219999999995,3.481998e-05,6.382711,0.01632047,11.530277,0.00071423064,6.4694454e-05,0.033244619999999996,45.53106,0.00071423064,6.4694454e-05,0.005817633000000001,15.271329,0.00071423064,6.4694454e-05,0.002335113,14.923798999999999,0.00071423064,6.4694454e-05,0.0045531009999999995,6.536724e-06,2.5611079999999998e-05,0.01731104000000001,39.736484,0.018762468999999997,-0.0007776334,-0.001852421,3.755283e-06,4.059004e-05
78,1609336800,1.097127,1.0971477,-0.012154537000000002,-1.262973,1.735667,0.9004253999999999,1.558774,1.462882,0.016659868,0.4764867999999999,2.199904e-05,2.97761e-06,3.1890767000000007e-06,3.9209583e-06,5.879627e-06,8.654676999999999e-06,1.7531343e-05,3.3338100000000005e-05,0.5411347000000001,0.007145019,0.0002054653,69.20461,51.36459,3.644583e-05,6.611410000000001,0.016403610000000002,11.696332000000002,0.0005049601099999999,4.5507425999999995e-05,0.033746029999999996,47.26637,0.0005049601099999999,4.5507425999999995e-05,0.00584177,14.917137000000002,0.0005049601099999999,4.5507425999999995e-05,0.002371494,14.317033,0.0005049601099999999,4.5507425999999995e-05,0.004552474,5.684562e-06,2.5007640000000004e-05,0.16960674,17.813636999999996,0.013273604999999999,-0.0008746871,-0.0019418520000000004,1.515768e-06,1.6503819999999997e-05
78,1609337400,1.3757300000000001,1.375747,-0.010002509,-1.2622740000000001,1.898533,1.0165992999999998,1.769604,1.6577379999999997,0.00955393,0.5692012,2.560854e-05,6.6148049e-06,6.9327076e-06,8.159992899999999e-06,1.118159e-05,1.5234853e-05,2.7444497000000003e-05,5.15474e-05,0.6753343,0.012209594,0.0001867053,65.04117,51.80635000000001,4.569975000000001e-05,6.418687,0.01863329,14.814760000000001,0.0011447972,0.00010409433,0.0379691,59.15198,0.0011447972,0.00010409433,0.0061182170000000004,22.207438,0.0011447972,0.00010409433,0.0027545760000000003,22.060536,0.0011447972,0.00010409433,0.004671862000000001,8.326001e-06,2.7740609999999997e-05,0.2051078,6.885148999999998,0.01589392,6.0737759999999983e-05,-0.0013708140000000001,1.549078e-06,1.754318e-05
78,1609338000,1.4173200000000001,1.417341,-0.011864867,-1.298205,1.926358,1.0458118,1.7903040000000001,1.668726,0.011577412,0.5931472,2.348315e-05,4.6830515e-06,4.9714465e-06,6.035208999999999e-06,8.705141000000001e-06,1.2734612000000001e-05,2.4651023999999997e-05,4.748429e-05,0.6893805,0.01894243,0.000222703,69.98073,52.73142,4.7077040000000006e-05,6.6109729999999995,0.01903383,15.16121,0.00130933295,0.00011920075699999998,0.038261159999999995,60.172109999999996,0.00130933295,0.00011920075699999998,0.006235078999999999,27.227373,0.00130933295,0.00011920075699999998,0.002883448,27.115139,0.00130933295,0.00011920075699999998,0.00465447,8.098205e-06,2.7490040000000006e-05,0.15361102999999998,2.9902150000000005,0.011897669999999999,6.509513e-05,-0.001321478,1.345844e-06,1.4898410000000002e-05
78,1609338600,1.3404340000000001,1.3404539999999998,-0.0031337509999999997,-1.384674,1.858143,1.0346074,1.7071659999999997,1.591886,0.018170238999999998,0.5675790000000001,2.2280289999999997e-05,3.0043668e-06,3.0909923e-06,3.7732028e-06,5.676841e-06,8.141205e-06,1.7083867999999997e-05,3.282593e-05,0.6520363,0.01794547,0.00015739570000000003,71.54451000000002,52.72909,4.4556239999999995e-05,6.32557,0.018696410000000004,14.366180000000004,0.0012663894999999999,0.000115311939,0.037263740000000004,57.08482,0.0012663894999999999,0.000115311939,0.006020559,23.948375999999996,0.0012663894999999999,0.000115311939,0.002606836,23.900415,0.0012663894999999999,0.000115311939,0.004625038,7.097540999999999e-06,2.663689e-05,0.14418539,3.275277,0.010476234,-0.0003364181,-0.0015690860000000001,1.318264e-06,1.426165e-05
78,1609339200,1.374757,1.374776,-0.005135351,-1.40992,1.865195,1.050865,1.7159779999999998,1.6032119999999999,0.015035407000000004,0.5739853,2.3957450000000002e-05,4.765701399999999e-06,4.9804336e-06,5.8810813e-06,8.303505e-06,1.1548326e-05,2.2321707e-05,4.1305319999999994e-05,0.6692758000000001,0.01782857,0.00016965,70.15939,52.656090000000006,4.568069999999999e-05,6.340749000000001,0.0189771,14.806909999999998,0.0009668496000000001,8.7781409e-05,0.037720899999999995,58.47345999999999,0.0009668496000000001,8.7781409e-05,0.006070586000000001,21.037219,0.0009668496000000001,8.7781409e-05,0.002669199,20.70964,0.0009668496000000001,8.7781409e-05,0.004686412,8.265742000000001e-06,2.7897529999999997e-05,0.156146,3.091378,0.012000173,8.146278999999999e-05,-0.0013078930000000003,1.418469e-06,1.588625e-05
78,1609339800,1.6631019999999999,1.663122,-0.007331821999999999,-1.322238,2.0846139999999997,1.1366787000000003,1.9202070000000002,1.7947279999999999,0.020995978999999998,0.6934712999999999,2.234872e-05,2.9216862e-06,3.0712046e-06,3.9895465e-06,6.706581e-06,1.0607749e-05,2.265466e-05,4.729817e-05,0.8082211000000001,0.022976740000000002,0.0002527575,73.49253999999999,52.79875,5.525618e-05,6.509072000000001,0.020792650000000003,18.055600000000002,0.0010529161000000001,9.565888099999999e-05,0.04153230000000001,70.92007,0.0010529161000000001,9.565888099999999e-05,0.006418268999999999,27.300475,0.0010529161000000001,9.565888099999999e-05,0.003063248,26.754616999999996,0.0010529161000000001,9.565888099999999e-05,0.0048216610000000005,1.051219e-05,3.0459850000000006e-05,0.14596833,2.5950669999999993,0.013191169999999999,0.0007719787,-0.0008960259,1.661773e-06,1.832799e-05
78,1609340400,1.8677020000000002,1.8677219999999999,-0.004729617900000001,-1.1371479999999998,2.3079709999999998,1.1586134000000001,2.1262009999999996,1.9659240000000004,0.022603096,0.7826462999999999,2.110351e-05,1.5945265999999999e-06,1.5113757e-06,2.1185006e-06,4.263705999999999e-06,6.842122e-06,1.647118e-05,3.417746e-05,0.9036660999999999,0.02991666,0.0002006833,74.98981,53.225229999999996,6.212012e-05,6.248984,0.021694819999999997,20.39065,0.0014035149,0.00012774367000000002,0.04398729,80.04964,0.0014035149,0.00012774367000000002,0.006636406,31.49586,0.0014035149,0.00012774367000000002,0.0033116590000000002,31.330809999999996,0.0014035149,0.00012774367000000002,0.004801638,9.936377999999998e-06,2.9937429999999998e-05,0.15622531,2.520243,0.0121929,0.0006224180999999999,-0.0009722854,1.4973460000000003e-06,1.611544e-05
78,1609341000,2.2942549999999997,2.294275,-0.0027390866,-1.200752,2.499826,1.305412,2.3311830000000002,2.168393,0.019432594000000004,0.951215,2.4872419999999997e-05,5.2380677e-06,5.3234572000000005e-06,6.3303631e-06,9.525399000000001e-06,1.3489220999999999e-05,2.6650109999999998e-05,5.331059e-05,1.115395,0.03139715,0.0002096995,72.59958999999999,52.81019,7.627809e-05,6.402002,0.02403468,24.546039999999998,0.0027662964,0.00025260148,0.04879755,97.81868,0.0027662964,0.00025260148,0.007183848,52.44982,0.0027662964,0.00025260148,0.003960011,52.94806,0.0027662964,0.00025260148,0.004856268,1.0599767e-05,3.090572e-05,0.14901349999999997,2.1411239999999996,0.011513869999999999,0.0008293294,-0.0007906789999999999,1.4365010000000002e-06,1.660387e-05
78,1609341600,2.8601,2.8601199999999993,-0.004038095,-1.4188009999999998,2.62688,1.5104699999999998,2.455989,2.313184,0.024673556000000003,1.1944469999999998,2.657841e-05,7.295295000000002e-06,7.4626624e-06,8.796226099999998e-06,1.2367123e-05,1.6872496e-05,3.0928780000000006e-05,6.110475e-05,1.408967,0.02066945,0.00026175540000000005,68.13246999999998,51.497569999999996,9.510808999999999e-05,6.131940999999999,0.02701163,30.05059,0.0022589532,0.00020604474999999997,0.054761009999999985,123.18238,0.0022589532,0.00020604474999999997,0.007098309,47.891059999999996,0.0022589532,0.00020604474999999997,0.003964842,47.88266,0.0022589532,0.00020604474999999997,0.004862784,1.093872e-05,3.127711e-05,0.1702785,1.6938469999999999,0.01298309,0.0009415745999999999,-0.0006176751000000001,1.3642120000000001e-06,1.6510359999999998e-05
78,1609342200,0.6267025,0.6267229999999999,-0.005436212399999999,-1.5972149999999998,1.2534378,0.7204446,1.0816826,0.9729297999999998,0.025379751,0.29296440000000007,2.1169120000000002e-05,8.915519e-07,1.0001968e-06,1.3968718e-06,2.555143e-06,4.685783e-06,1.318035e-05,2.4402350000000002e-05,0.29416539999999997,0.018985369999999998,0.000150549,76.60141999999999,57.14271000000001,2.081752e-05,6.625661000000001,0.012985679,7.152139000000001,0.0005449680700000001,4.9284095199999994e-05,0.02444576,25.819799999999997,0.0005449680700000001,4.9284095199999994e-05,0.0055310770000000006,11.552086399999999,0.0005449680700000001,4.9284095199999994e-05,0.0017324941999999999,11.1247925,0.0005449680700000001,4.9284095199999994e-05,0.004767681000000001,7.540376000000001e-06,2.7937410000000002e-05,0.21627959999999996,3.8227539999999998,0.011256244,-0.00017907187499999997,-0.0018123400000000002,1.394114e-06,1.540445e-05
78,1609342800,0.6523543,0.6523741999999999,-0.011222237,-1.5437070000000002,1.2843779999999998,0.7446492000000001,1.151361,1.0533322999999999,0.007268289,0.2729234,2.172962e-05,1.9257643e-06,2.0795108e-06,2.5414983999999994e-06,4.020858000000001e-06,6.833328999999999e-06,1.633415e-05,3.0347449999999997e-05,0.30485660000000003,0.0210663,0.00018825819999999997,77.69949000000001,56.61988,2.166809e-05,6.815990000000001,0.01344851,7.421054,0.00072549914,6.5848123e-05,0.025330659999999998,26.42971,0.00072549914,6.5848123e-05,0.005677814,14.713248799999999,0.00072549914,6.5848123e-05,0.0019509558,14.33743016,0.00072549914,6.5848123e-05,0.004786825,8.779667e-06,2.8836939999999998e-05,0.23900499999999997,4.439580999999999,0.013346592000000001,0.0003895425,-0.00142396,1.519829e-06,1.76103e-05
78,1609343400,0.6314705999999999,0.6314909,-0.0011294063800000001,-1.5781889999999998,1.2589129999999997,0.7367804,1.120534,1.0274569000000002,0.009731485,0.2667463,2.090619e-05,9.085254999999999e-07,9.807568e-07,1.3299476e-06,2.538051e-06,4.851109e-06,1.344909e-05,2.5796499999999996e-05,0.2938656,0.021657350000000002,0.0001610306,79.81877999999999,56.98478,2.098223e-05,6.682733000000001,0.013357410000000004,7.296468,0.00051678315,4.6692419e-05,0.02500291,25.70851,0.00051678315,4.6692419e-05,0.005520711,11.652407,0.00051678315,4.6692419e-05,0.0017548422,11.1903542,0.00051678315,4.6692419e-05,0.0047811979999999995,8.447777e-06,2.8606539999999997e-05,0.1914513,3.74327,0.013665914000000001,0.00025477667999999995,-0.0015553939999999999,1.405209e-06,1.677835e-05
78,1609344000,0.5325386000000001,0.5325587,0.00136321462,-1.5599480000000001,1.187773,0.6754633,1.0429821000000001,0.9406409,0.01027074,0.22507829999999998,2.1283570000000005e-05,1.2863637e-06,1.3914382e-06,1.7724723000000003e-06,3.1056560000000002e-06,5.65622e-06,1.4578430000000001e-05,2.7246209999999997e-05,0.23852749999999995,0.027528269999999994,0.000156047,82.30935000000001,60.705619999999996,1.7682969999999998e-05,6.7340029999999995,0.01239167,6.357114,0.000460557,4.1580313e-05,0.02246895,20.95741,0.000460557,4.1580313e-05,0.005453064999999999,10.0783552,0.000460557,4.1580313e-05,0.0016428404000000001,9.6653295,0.000460557,4.1580313e-05,0.004802117,8.890921e-06,2.9000789999999998e-05,0.20516600000000002,2.971741,0.010325675000000001,0.00046387934,-0.001443092,1.261959e-06,1.4813020000000002e-05
78,1609344600,0.7985389,0.7985593000000001,-0.0015267035,-1.7174710000000002,1.307365,0.8424837000000001,1.175811,1.072495,0.009734544,0.3358974,2.18899e-05,1.8058236000000002e-06,1.9303647999999996e-06,2.4655688e-06,4.011791e-06,6.8693250000000005e-06,1.697772e-05,3.301782e-05,0.36741450000000003,0.03162033,0.000165488,80.27958,58.027130000000014,2.6524140000000002e-05,6.697444,0.014936050000000001,9.121292,0.00061808863,5.5925195e-05,0.0279599,32.17234,0.00061808863,5.5925195e-05,0.005669025999999999,14.130045,0.00061808863,5.5925195e-05,0.001960465,13.697084799999999,0.00061808863,5.5925195e-05,0.004833514999999999,9.297821e-06,2.960781e-05,0.21186929999999998,2.5444,0.010345456999999999,0.0005917996,-0.001312855,1.334867e-06,1.543487e-05
78,1609345200,0.8521268,0.8521473,-0.009018495,-1.760502,1.2927389999999999,0.8721596000000001,1.156722,1.0767710000000001,0.009288666,0.3552206,2.265132e-05,2.4146114e-06,2.5806802000000003e-06,3.125241999999999e-06,4.843986e-06,8.240346e-06,1.889882e-05,3.7123500000000005e-05,0.39245769999999996,0.03335354,0.00017253049999999998,78.21480999999999,57.88208999999999,2.829861e-05,6.529567,0.015449959999999999,9.788653,0.00055735707,5.0320008e-05,0.029016620000000003,34.601609999999994,0.00055735707,5.0320008e-05,0.005674076,13.335354,0.00055735707,5.0320008e-05,0.0019821009999999996,12.8239655,0.00055735707,5.0320008e-05,0.004863668,9.918367999999999e-06,3.0279859999999995e-05,0.19802540000000002,2.27022,0.010279291999999999,0.0008175343999999999,-0.0011319298,1.285511e-06,1.5601440000000002e-05
78,1609345800,0.9163968,0.9164171,-0.012030033,-1.7464560000000002,1.374904,0.9045061000000001,1.2213759999999998,1.122897,0.014489962,0.3862235,2.191354e-05,1.8011297999999999e-06,1.9280571e-06,2.6137461e-06,4.6095850000000005e-06,8.37105e-06,2.122262e-05,4.2392030000000006e-05,0.425833,0.032053099999999994,0.00022591130000000002,75.58243999999999,57.10913999999999,3.043834e-05,6.677827000000001,0.01610301,10.668749,0.0010871685599999998,9.889032999999998e-05,0.030190910000000005,37.537189999999995,0.0010871685599999998,9.889032999999998e-05,0.005959556999999999,22.229691,0.0010871685599999998,9.889032999999998e-05,0.002291986,21.962980799999997,0.0010871685599999998,9.889032999999998e-05,0.004962434,1.195501e-05,3.237623e-05,0.17343129899999998,3.855118,0.015055466,0.0014742919999999999,-0.0006951736999999999,1.7065890000000002e-06,2.0291760000000002e-05
78,1609346400,1.0290092,1.0290302,-0.015087219999999998,-1.741959,1.4196810000000002,0.9558882000000001,1.2898880000000001,1.1935870000000002,0.010365995,0.42401730000000004,2.337319e-05,3.1718177999999996e-06,3.4088107999999997e-06,4.1755406e-06,6.560782e-06,1.0586112e-05,2.370624e-05,4.710412e-05,0.48262220000000006,0.031529680000000004,0.000250708,74.8765,56.23557999999999,3.4180330000000004e-05,6.562102,0.016908640000000003,11.72007,0.0012255902000000002,0.000111713265,0.032069440000000005,42.31532,0.0012255902000000002,0.000111713265,0.005885085,24.5061829,0.0012255902000000002,0.000111713265,0.002275504,24.3134884,0.0012255902000000002,0.000111713265,0.004982393,1.211124e-05,3.259992000000001e-05,0.2028806,1.798765,0.010490041,0.0015568210000000001,-0.0006482071000000001,1.409474e-06,1.7043289999999996e-05
78,1609347000,1.0914659999999998,1.091486,-0.014036620000000003,-1.7531880000000002,1.4320909999999998,0.9862739000000001,1.310553,1.2235489999999998,0.005901568000000001,0.4449185,2.2020759999999998e-05,1.6372636999999998e-06,1.7658362999999999e-06,2.4756664e-06,4.681776e-06,8.414490000000001e-06,2.13463e-05,4.535502e-05,0.5141690999999999,0.031201089999999997,0.0002756795000000001,74.02169,55.79381000000001,3.626096e-05,6.5284819999999995,0.01731313,12.25899,0.00114755109,0.00010439817739999998,0.03301207,44.69365,0.00114755109,0.00010439817739999998,0.005939187,20.467833999999996,0.00114755109,0.00010439817739999998,0.0023360209999999998,20.352743500000003,0.00114755109,0.00010439817739999998,0.005010054,1.2159979999999997e-05,3.299880000000001e-05,0.1929633,1.622278,0.010267607,0.0015039489999999999,-0.0005942943999999999,1.3812040000000001e-06,1.6584029999999998e-05
78,1609347600,1.1326284999999998,1.1326486,-0.013842690000000001,-1.7560189999999998,1.4612319999999999,1.0048133,1.3228170000000001,1.2406130000000002,0.010652787,0.4671293,2.200495e-05,1.3903915999999999e-06,1.4650713e-06,2.0270114999999996e-06,3.954995e-06,7.376389e-06,2.0071830000000002e-05,4.4479639999999996e-05,0.5342057,0.031757980000000005,0.00026804390000000007,78.74174000000001,55.68709,3.7648449999999994e-05,6.578323,0.017696319999999998,12.885480000000001,0.00119330984,0.00010860971099999998,0.03377063,46.84878,0.00119330984,0.00010860971099999998,0.006085702,25.1844698,0.00119330984,0.00010860971099999998,0.002472249,24.9637656,0.00119330984,0.00010860971099999998,0.005049205,1.3096329999999999e-05,3.39097e-05,0.18832369999999998,1.358895,0.010926876999999998,0.001822692,-0.00036028235999999993,1.427132e-06,1.763324e-05
78,1609348200,1.1252465999999999,1.1252689999999999,-0.014061760000000001,-1.758271,1.4464200000000003,1.001036,1.3150920000000001,1.228162,0.010782422000000002,0.45939779999999997,2.260033e-05,2.2790807000000006e-06,2.4584628e-06,3.2024485e-06,5.595229e-06,9.552652e-06,2.459524e-05,5.4738590000000004e-05,0.5309765000000001,0.03125088,0.0002895,76.08608000000001,55.67102,3.73781e-05,6.5312269999999994,0.01776222,13.022409999999999,0.00111204468,0.00010119755199999999,0.0336581,46.658030000000004,0.00111204468,0.00010119755199999999,0.005902112,22.552381,0.00111204468,0.00010119755199999999,0.0023010360000000002,22.3345277,0.00111204468,0.00010119755199999999,0.00503956,1.316642e-05,3.3854310000000006e-05,0.18323820000000002,1.9793560000000003,0.013565471,0.0018375410000000003,-0.00032692239999999997,1.7962670000000002e-06,2.1672769999999998e-05
78,1609348800,1.213447,1.213468,-0.01292293,-1.7685850000000003,1.462132,1.041493,1.336618,1.273912,0.006796526,0.4938879,2.3875289999999998e-05,3.1619095000000003e-06,3.3918143e-06,4.332774e-06,6.743359e-06,1.1221596e-05,2.6824680000000003e-05,5.9795309999999994e-05,0.5746246,0.03167234,0.00030757829999999997,74.57230999999999,55.28516,4.0298729999999996e-05,6.546602,0.01830577,13.798379999999998,0.00240415406,0.00021958167300000002,0.035026409999999994,50.31607000000001,0.00240415406,0.00021958167300000002,0.006669509,42.903411000000006,0.00240415406,0.00021958167300000002,0.00308931,43.391922199999996,0.00240415406,0.00021958167300000002,0.005084987000000001,1.3599950000000002e-05,3.456201e-05,0.1786394,1.3058539999999998,0.010464204000000001,0.0019400099999999996,-0.00024777882,1.536036e-06,1.7671510000000003e-05
78,1609349400,1.092775,1.0927950000000002,-0.011594680000000001,-1.7753900000000002,1.368304,0.9882047,1.2503250000000001,1.217699,0.007806006999999999,0.44765250000000006,2.3196750000000005e-05,2.5797143999999998e-06,2.7925684999999994e-06,3.5204075000000003e-06,5.958838e-06,1.0102975e-05,2.4963600000000003e-05,5.633273e-05,0.5149941,0.030986980000000004,0.00029762470000000004,75.37312,55.72117000000001,3.631035e-05,6.613989999999999,0.017552150000000002,12.785829999999999,0.00074562633,6.7635841e-05,0.033248679999999996,45.40723,0.00074562633,6.7635841e-05,0.005879418,19.449928,0.00074562633,6.7635841e-05,0.002207298,18.874747,0.00074562633,6.7635841e-05,0.005107518,1.387831e-05,3.4936010000000006e-05,0.17380520000000002,1.2725119999999999,0.01078401,0.0020253829999999995,-0.00019909915,1.567891e-06,1.822497e-05
78,1609350000,1.0294126000000001,1.0294351,-0.009504542,-1.7734400000000001,1.3211659999999998,0.9587384999999999,1.2294729999999998,1.190061,0.015276973,0.4266715,2.410669e-05,3.1214095000000005e-06,3.3835280000000002e-06,4.2534295000000005e-06,6.8876409999999996e-06,1.1590383e-05,2.7835779999999997e-05,5.593907999999999e-05,0.482813,0.031464309999999995,0.0003118463,76.69628,56.29092000000001,3.416915e-05,6.740674999999999,0.016904979999999997,11.975273999999999,0.0019289136299999998,0.00017607110359999997,0.03204864,42.401430000000005,0.0019289136299999998,0.00017607110359999997,0.006352096,34.754022,0.0019289136299999998,0.00017607110359999997,0.002670032,34.9853324,0.0019289136299999998,0.00017607110359999997,0.005139812,1.408166e-05,3.531993e-05,0.1860967,1.3955600000000001,0.01167763,0.0020442259999999997,-0.00021198593,1.5494589999999999e-06,1.8447309999999996e-05
78,1609350600,1.137445,1.1374680000000001,-0.01141646,-1.7779840000000005,1.393054,1.010613,1.274626,1.2465370000000002,0.0065072080000000004,0.4629373,2.30952e-05,2.0681511e-06,2.2581994e-06,3.0692191e-06,5.4644280000000005e-06,9.635115e-06,2.4373640000000003e-05,5.664687e-05,0.5360716,0.03222175,0.0003221911,75.47502999999999,55.74038,3.7789630000000004e-05,6.565225,0.017731880000000002,13.0738,0.0008546939399999998,7.76285579e-05,0.03379245,46.81904,0.0008546939399999998,7.76285579e-05,0.0058458650000000004,17.755595,0.0008546939399999998,7.76285579e-05,0.002198846,17.4380705,0.0008546939399999998,7.76285579e-05,0.0051874,1.5084189999999998e-05,3.641794e-05,0.1671644,1.6624793,0.01439166,0.002243226,-6.370254000000002e-05,1.917716e-06,2.277746e-05
78,1609351200,1.126064,1.126084,-0.007828868,-1.778273,1.392192,1.0048403999999997,1.270349,1.243388,0.005575309,0.45721370000000006,2.392604e-05,2.9902182e-06,3.2168697999999998e-06,4.2065283e-06,6.808819e-06,1.2100697000000001e-05,2.705217e-05,6.832589e-05,0.5301151,0.03249219,0.0002970535,76.40877,55.836040000000004,3.739651000000001e-05,6.626728,0.01773778,13.13136,0.00265710921,0.00024268126799999998,0.03362425,46.36007,0.00265710921,0.00024268126799999998,0.006751979,44.55771299999999,0.00265710921,0.00024268126799999998,0.0031224850000000004,45.303005,0.00265710921,0.00024268126799999998,0.00524507,1.6187580000000003e-05,3.7590000000000004e-05,0.16972631,0.9612885,0.011223918,0.002533412,0.00023801564999999998,1.615132e-06,1.96893e-05
78,1609351800,1.0299725,1.0299943000000003,-0.0035470111000000006,-1.7730819999999998,1.343215,0.9585964999999999,1.234013,1.1879979999999999,0.013650700999999998,0.43592810000000004,2.335634e-05,2.2736983e-06,2.4488921e-06,3.1515487e-06,5.647249e-06,1.01051e-05,2.508761e-05,6.292965000000001e-05,0.4836037,0.031015400000000005,0.00025268420000000005,75.66638,56.165139999999994,3.4217250000000005e-05,6.5084599999999995,0.017039759999999998,12.20598,0.00183640594,0.00016758437999999997,0.03214196999999999,42.64781000000001,0.00183640594,0.00016758437999999997,0.006267227,31.552719000000003,0.00183640594,0.00016758437999999997,0.002571965,31.79261599999999,0.00183640594,0.00016758437999999997,0.005211039999999999,1.536976e-05,3.674848e-05,0.1837979,1.1633138,0.01219651,0.002385149,3.218818599999999e-05,1.5893199999999999e-06,1.9501799999999997e-05
78,1609352400,1.43395,1.433971,-0.00078352418,-1.74792,1.6265370000000001,1.1225001000000001,1.471581,1.4103439999999998,0.014632659000000001,0.5921934999999999,2.5011579999999998e-05,3.9357341e-06,4.175503200000001e-06,5.156006e-06,8.244950999999999e-06,1.3195371000000001e-05,2.965205e-05,7.033636e-05,0.6890229,0.027566230000000004,0.00024752629999999997,71.97512,54.108450000000005,4.765669e-05,6.336508,0.019777299999999998,16.28922,0.00059487138,5.373738999999999e-05,0.038104320000000004,60.10465000000001,0.00059487138,5.373738999999999e-05,0.0059526679999999995,18.004122000000002,0.00059487138,5.373738999999999e-05,0.0023955660000000004,17.298201999999996,0.00059487138,5.373738999999999e-05,0.005246017,1.635327e-05,3.7724239999999996e-05,0.1773538,0.8943042999999999,0.011474849999999998,0.002527813,0.00028519319999999995,1.6402329999999998e-06,1.9606589999999996e-05
78,1609353000,1.694407,1.6944299999999999,-0.0011232214,-1.730522,1.742715,1.2226089999999998,1.620422,1.556897,0.008163098,0.68947,2.440363e-05,3.7210265000000004e-06,3.8240241e-06,4.704957700000001e-06,7.671639e-06,1.2398876e-05,2.7925489999999998e-05,6.921007e-05,0.8226025,0.024221720000000002,0.00024404600000000001,70.68778999999999,52.899829999999994,5.63391e-05,6.016062,0.021545340000000003,19.145760000000003,0.0017648658,0.00016083016,0.04198233,72.26959000000001,0.0017648658,0.00016083016,0.006506909000000001,31.275228000000006,0.0017648658,0.00016083016,0.0030240619999999997,31.376918999999997,0.0017648658,0.00016083016,0.0052607090000000006,1.680469e-05,3.818252e-05,0.1793658,0.8882798000000001,0.013659269999999998,0.00258116,0.0003970261,1.835967e-06,2.203044e-05
78,1609353600,1.444662,1.444684,-0.0007494784,-1.7367629999999998,1.640527,1.1254499999999998,1.482197,1.4223050000000002,0.01658331,0.6070027,2.48858e-05,3.4493314e-06,3.7875925000000003e-06,5.0379140000000005e-06,8.233214e-06,1.4455617999999999e-05,3.195868e-05,8.011249e-05,0.6994615000000001,0.022408030000000002,0.0003110907,71.4365,53.209289999999996,4.797316e-05,6.686346,0.02002986,16.74891,0.0024058934700000004,0.000219668805,0.03857729,61.42179,0.0024058934700000004,0.000219668805,0.006751032,42.48949410000001,0.0024058934700000004,0.000219668805,0.0031704660000000003,43.0300591,0.0024058934700000004,0.000219668805,0.0053166889999999994,1.7200350000000002e-05,3.899197e-05,0.17385460000000003,0.7300359000000001,0.01193464,0.002673939,0.00041897031,1.887435e-06,2.141585e-05
78,1609354200,1.663994,1.664017,-0.0009921368,-1.7255540000000003,1.770317,1.209509,1.6057970000000001,1.547635,0.009373981,0.6884391000000001,2.440437e-05,3.3830595e-06,3.6829606999999995e-06,5.056988e-06,8.48538e-06,1.4985109e-05,3.323632e-05,8.010512e-05,0.8088628999999999,0.022649230000000003,0.0003312243,70.76275999999999,52.771159999999995,5.526029e-05,6.607537000000001,0.021360329999999997,18.97191,0.00217131184,0.000198186401,0.04157081,70.89512,0.00217131184,0.000198186401,0.006672244000000001,41.244512,0.00217131184,0.000198186401,0.0031643879999999997,41.533725,0.00217131184,0.000198186401,0.0054010609999999995,1.9465929999999998e-05,4.1186440000000005e-05,0.17172263999999998,6.995092299999999,0.02182664,0.0030354119999999995,0.0007492581000000001,4.316145000000001e-06,4.890379999999999e-05
78,1609354800,1.779138,1.779158,-0.001097443,-1.710832,1.848058,1.2482000000000002,1.694377,1.61896,0.01202819,0.7294691,2.6580549999999997e-05,5.4890963e-06,5.8095649e-06,7.3931962999999995e-06,1.1395321e-05,1.8397051e-05,4.080879e-05,7.624361e-05,0.8649707,0.024140589999999996,0.0002856968,68.9409,52.7617,5.9096500000000006e-05,6.478662,0.02203584,20.11791,0.0015554759399999997,0.000141719468,0.04294878,75.63977,0.0015554759399999997,0.000141719468,0.006302252999999999,30.01748,0.0015554759399999997,0.000141719468,0.0028238720000000003,30.008247499999992,0.0015554759399999997,0.000141719468,0.005475743,2.074539e-05,4.250936e-05,0.1529521,0.38574359999999996,0.01255965,0.003345658,0.0010640687,1.9913830000000003e-06,2.233137e-05
78,1609355400,1.622542,1.6225619999999998,-0.001509065,-1.7195529999999999,1.779318,1.1928239999999999,1.613187,1.5323350000000002,0.018757507,0.6744212999999999,2.6934249999999994e-05,5.722323000000001e-06,6.0418332000000005e-06,7.5410348e-06,1.1568949999999999e-05,1.8131044e-05,4.787349e-05,7.008510000000001e-05,0.7851336,0.025681169999999996,0.00028137570000000007,69.02244,53.249930000000006,5.3913279999999996e-05,6.4441370000000004,0.02120697,18.79602,0.00313903331,0.00028680216900000004,0.040816599999999995,68.52907,0.00313903331,0.00028680216900000004,0.0070607299999999994,53.069320000000005,0.00313903331,0.00028680216900000004,0.003547906,53.9045703,0.00313903331,0.00028680216900000004,0.00554461,2.199393e-05,4.37762e-05,0.1518525,0.27531169999999994,0.014235019999999998,0.003606852,0.0013313476999999999,1.9172380000000002e-06,2.294673e-05
78,1609356000,1.713173,1.713194,-0.00107273908,-1.7201939999999998,1.7980279999999997,1.2240560000000003,1.6508379999999998,1.57366,0.009220652,0.6952328999999999,2.503074e-05,3.6351633e-06,3.843921499999999e-06,5.091864e-06,9.033987000000001e-06,1.5353482000000002e-05,4.0079060000000005e-05,6.995179000000001e-05,0.8305100000000001,0.025626919999999997,0.0002986258,72.7698,53.02777,5.6915070000000005e-05,6.599380000000001,0.02193744,20.04042,0.0014518235199999997,0.00013220422600000002,0.04217542,73.06988,0.0014518235199999997,0.00013220422600000002,0.00632115,27.496637999999997,0.0014518235199999997,0.00013220422600000002,0.0027816480000000003,27.3900079,0.0014518235199999997,0.00013220422600000002,0.0055391289999999985,2.1813e-05,4.3788889999999996e-05,0.1454127,0.26008089999999995,0.0127215,0.0034721429999999996,0.0012346380000000001,2.041727e-06,2.370522e-05
78,1609356600,1.729691,1.7297120000000004,-0.0007651233,-1.70932,1.8247329999999997,1.229743,1.677317,1.59796,0.006935252,0.702449,2.562822e-05,4.1075907e-06,4.4457543e-06,5.800260999999999e-06,9.866841e-06,1.6779798e-05,4.188836e-05,7.498460000000001e-05,0.8400435999999999,0.02433014,0.000309388,71.14288,52.85581,5.746349000000001e-05,6.599133999999999,0.022061289999999997,20.207349999999998,0.0018022734999999998,0.00016429436599999997,0.04233636,73.54021,0.0018022734999999998,0.00016429436599999997,0.0066449560000000005,37.962531999999996,0.0018022734999999998,0.00016429436599999997,0.003122171,37.839868,0.0018022734999999998,0.00016429436599999997,0.005522791,2.1376299999999997e-05,4.334086e-05,0.15592999999999999,0.281076,0.012391740000000002,0.003436798,0.0011824930000000002,2.0064210000000003e-06,2.298868e-05
78,1609357200,1.8278416666666664,1.8278633333333332,-0.0014533068333333332,-1.7018266666666664,1.8884333333333334,1.26202,1.7366766666666666,1.6514900000000001,0.008331999999999999,0.7400543333333333,2.639135e-05,4.787380166666667e-06,5.0783395e-06,6.738685e-06,1.11412e-05,1.8703533333333335e-05,4.808056666666667e-05,7.863711666666666e-05,0.8878953333333334,0.025522483333333335,0.000324895,70.7376,52.83176666666666,6.071508333333334e-05,6.589746666666667,0.022570966666666668,21.15005,9.625083333333332e-05,8.11434e-06,0.04359141666666666,77.98793333333333,9.625083333333332e-05,8.11434e-06,0.005976903333333333,16.790871666666668,9.625083333333332e-05,8.11434e-06,0.0024316566666666667,15.550443333333332,9.625083333333332e-05,8.11434e-06,0.005618241666666666,2.285605e-05,4.514911666666667e-05,0.14876233333333336,0.2508666666666666,0.012551416666666667,0.0036574883333333336,0.0013409933333333333,2.134511666666667e-06,2.368973333333333e-05
