StationID,TimeStamp,sound@var,sound@power,sound@skew,sound@kurt,sound@abs_max,sound@abs_mean,sound@abs_max_top5p,sound@abs_max_top10p,sound@energy_sstd,sound@energy_smax,sound@s_zero_rate,sound@s_zero_rate_max,sound@power_0_5,sound@power_5_10,sound@power_10_15,sound@power_15_20,sound@power_20_25,sound@power_25_30,sound@power_30_35,sound@power_35_40,sound@power_40_60,sound@power_140_160,sound@power_other,sound@frequency_center,sound@mean_square_frequency,sound@variance_frequency,sound@frequency_entropy,sound@level4d_abs_mean,sound@level4d_energy,sound@level4d_energy_smax,sound@level4d_energy_sstd,sound@level5d_abs_mean,sound@level5d_energy,sound@level5d_energy_smax,sound@level5d_energy_sstd,sound@level6a_abs_mean,sound@level6a_energy,sound@level6a_energy_smax,sound@level6a_energy_sstd,sound@level6d_abs_mean,sound@level6d_energy,sound@level6d_energy_smax,sound@level6d_energy_sstd,sound@mean
78,1609315800,0.00021163956656000002,0.00021163956656000002,-0.58046114,141.94858,0.308253666,0.00652271844,0.013230352430200001,0.0090034980158703,0.00026118699578,0.002531836372,48.23184,145.4,1.7452952226e-05,1.1209455842000001e-05,7.7793389186e-06,6.2626051964e-06,9.1864112468e-06,4.6206997058e-06,4.2404953057999994e-06,4.4068712888e-06,1.1211051574000003e-05,3.78823414e-07,2.907103862e-05,73.75952,50.2516,4.593807804e-09,9.06113,0.00288014584,1.1113357676000002,0.0003574481282,4.0776597408e-05,0.00238920238,0.7197419900199999,0.0003574481282,4.0776597408e-05,0.001740689808,0.70470432754,0.0003574481282,4.0776597408e-05,0.00214703642,0.6872012145799999,0.0003574481282,4.0776597408e-05,0.8113184
78,1609316400,6.163030999999999e-08,6.163037e-08,0.054385899999999945,30.70795,0.0017974770031329618,5.097933011717489e-05,6.537377137362399e-05,1.18233885140822e-05,7.874620999999999e-08,4.158503e-07,0.0,0.0,8.730871000000006e-10,1.2726793e-09,1.1578757e-09,9.525853e-10,9.849734999999998e-10,8.095384999999999e-10,7.615965999999999e-10,8.345319e-10,2.9054989999999996e-09,2.109831e-09,1.8151839999999998e-08,96.077704,85.02060999999999,5.06799e-13,8.953318,1.551146000210086e-05,0.00016412190000000002,1.5135752000000008e-08,1.7807680000000013e-09,1.2091300010953012e-05,9.860224999999999e-05,1.5135752000000008e-08,1.7807680000000013e-09,6.9084981030262415e-06,2.9632770000000034e-05,1.5135752000000008e-08,1.7807680000000013e-09,9.794851042524938e-06,6.0652370000000014e-05,1.5135752000000008e-08,1.7807680000000013e-09,0.1841678
78,1609317000,7.4624636e-08,7.4624636e-08,-3.6571893,473.53942300000006,0.00073464982,6.1687988e-05,0.00021067052460455168,0.00010484069999999999,3.8076666e-08,1.2169312000000001e-07,0.0,0.0,9.32178825e-10,1.46275422e-09,1.2824470500000001e-09,1.1447712400000001e-09,9.9391564e-10,1.0799777399999999e-09,8.3536243e-10,9.040343300000001e-10,3.44151309e-09,2.53625603e-09,2.26980198e-08,56.930336,44.3768874,6.129759899999999e-13,7.537157000000002,1.83889214e-05,0.000186357833,4.54608562e-09,8.032792470000001e-10,1.50501397e-05,0.000120586895,4.54608562e-09,8.032792470000001e-10,7.2893688999999995e-06,2.7496584660000002e-05,4.54608562e-09,8.032792470000001e-10,1.17042612e-05,6.914386820000001e-05,4.54608562e-09,8.032792470000001e-10,0.18475740000000002
78,1609317600,6.06828e-11,6.06828e-11,-9.61396,937.216,4.92159e-06,5.358e-08,-5.5030149999999995e-24,-5.5030149999999995e-24,1.9418300000000002e-10,1.97841e-09,0.0,0.0,3.12397e-13,2.97184e-13,4.14962e-13,9.74759e-13,7.62323e-13,2.7048500000000003e-13,5.24824e-13,9.413240000000002e-13,2.4565000000000003e-12,2.42901e-12,2.09573e-11,16.534615999999996,12.82289519,3.78329e-16,5.766386999999999,4.05917e-08,1.69984e-07,6.584240000000001e-12,6.20514e-13,2.51722e-08,3.59837e-08,6.584240000000001e-12,6.20514e-13,1.7720500000000006e-08,7.2424899999999995e-09,6.584240000000001e-12,6.20514e-13,2.0761e-08,1.45057e-08,6.584240000000001e-12,6.20514e-13,0.184942
78,1609318200,2.0268720899999993e-07,2.0268720899999993e-07,1.7491286300000002,152.99954400000001,0.00096125370285403,0.0001675237750179062,0.00025822517299999996,0.00021531151783,4.4667629e-08,1.8078338999999997e-07,0.0,0.0,2.52543665e-09,4.17548766e-09,3.33964452e-09,2.9598315999999998e-09,2.97287355e-09,2.72492889e-09,2.81699618e-09,2.46925741e-09,9.9610453e-09,6.9297246e-09,6.046641700000001e-08,62.295035999999996,56.15903164,1.70127198e-12,7.512191999999999,4.714685300036019e-05,0.0005033444100000001,9.247597300000002e-09,1.4469195200000003e-09,3.7298346002232434e-05,0.000310374233,9.247597300000002e-09,1.4469195200000003e-09,2.0276670012286003e-05,0.00010453101110000001,9.247597300000002e-09,1.4469195200000003e-09,3.09369280114596e-05,0.000218459055,9.247597300000002e-09,1.4469195200000003e-09,0.1849925
78,1609318800,2.4412700000000005e-24,2.4412800000000003e-24,0.0,0.0,2.8540299999999998e-11,1.79062e-13,-2.79981e-24,-3.44928e-24,9.12593e-24,9.67094e-23,0.0,0.0,1.1209200000000001e-24,9.73396e-26,1.61698e-27,4.15106e-28,8.817330000000001e-29,7.16562e-29,3.23578e-29,2.3475099999999998e-29,4.87774e-29,6.59058e-30,8.087630000000001e-29,11.665400000000002,3.53656,8.24886e-29,6.5692,3.60192e-15,2.6115700000000004e-23,2.46926e-23,2.37271e-24,2.2324300000000002e-14,1.14782e-21,2.46926e-23,2.37271e-24,1.2286e-13,3.13596e-20,2.46926e-23,2.37271e-24,1.14596e-13,3.46386e-20,2.46926e-23,2.37271e-24,0.185095
78,1609319400,2.4412700000000005e-24,2.4412800000000003e-24,0.0,0.0,2.8540299999999998e-11,1.79062e-13,-2.79981e-24,-3.44928e-24,9.12593e-24,9.67094e-23,0.0,0.0,1.1209200000000001e-24,9.73396e-26,1.61698e-27,4.15106e-28,8.817330000000001e-29,7.16562e-29,3.23578e-29,2.3475099999999998e-29,4.87774e-29,6.59058e-30,8.087630000000001e-29,11.665400000000002,3.53656,8.24886e-29,6.5692,3.60192e-15,2.6115700000000004e-23,2.46926e-23,2.37271e-24,2.2324300000000002e-14,1.14782e-21,2.46926e-23,2.37271e-24,1.2286e-13,3.13596e-20,2.46926e-23,2.37271e-24,1.14596e-13,3.46386e-20,2.46926e-23,2.37271e-24,0.185095
78,1609320000,2.4412700000000005e-24,2.4412800000000003e-24,0.0,0.0,2.8540299999999998e-11,1.79062e-13,-2.79981e-24,-3.44928e-24,9.12593e-24,9.67094e-23,0.0,0.0,1.1209200000000001e-24,9.73396e-26,1.61698e-27,4.15106e-28,8.817330000000001e-29,7.16562e-29,3.23578e-29,2.3475099999999998e-29,4.87774e-29,6.59058e-30,8.087630000000001e-29,11.665400000000002,3.53656,8.24886e-29,6.5692,3.60192e-15,2.6115700000000004e-23,2.46926e-23,2.37271e-24,2.2324300000000002e-14,1.14782e-21,2.46926e-23,2.37271e-24,1.2286e-13,3.13596e-20,2.46926e-23,2.37271e-24,1.14596e-13,3.46386e-20,2.46926e-23,2.37271e-24,0.185095
78,1609320600,2.4412700000000005e-24,2.4412800000000003e-24,0.0,0.0,2.8540299999999998e-11,1.79062e-13,-2.79981e-24,-3.44928e-24,9.12593e-24,9.67094e-23,0.0,0.0,1.1209200000000001e-24,9.73396e-26,1.61698e-27,4.15106e-28,8.817330000000001e-29,7.16562e-29,3.23578e-29,2.3475099999999998e-29,4.87774e-29,6.59058e-30,8.087630000000001e-29,11.665400000000002,3.53656,8.24886e-29,6.5692,3.60192e-15,2.6115700000000004e-23,2.46926e-23,2.37271e-24,2.2324300000000002e-14,1.14782e-21,2.46926e-23,2.37271e-24,1.2286e-13,3.13596e-20,2.46926e-23,2.37271e-24,1.14596e-13,3.46386e-20,2.46926e-23,2.37271e-24,0.185095
78,1609321200,2.4412700000000005e-24,2.4412800000000003e-24,0.0,0.0,2.8540299999999998e-11,1.79062e-13,-2.79981e-24,-3.44928e-24,9.12593e-24,9.67094e-23,0.0,0.0,1.1209200000000001e-24,9.73396e-26,1.61698e-27,4.15106e-28,8.817330000000001e-29,7.16562e-29,3.23578e-29,2.3475099999999998e-29,4.87774e-29,6.59058e-30,8.087630000000001e-29,11.665400000000002,3.53656,8.24886e-29,6.5692,3.60192e-15,2.6115700000000004e-23,2.46926e-23,2.37271e-24,2.2324300000000002e-14,1.14782e-21,2.46926e-23,2.37271e-24,1.2286e-13,3.13596e-20,2.46926e-23,2.37271e-24,1.14596e-13,3.46386e-20,2.46926e-23,2.37271e-24,0.185095
78,1609321800,2.4412700000000005e-24,2.4412800000000003e-24,0.0,0.0,2.8540299999999998e-11,1.79062e-13,-2.79981e-24,-3.44928e-24,9.12593e-24,9.67094e-23,0.0,0.0,1.1209200000000001e-24,9.73396e-26,1.61698e-27,4.15106e-28,8.817330000000001e-29,7.16562e-29,3.23578e-29,2.3475099999999998e-29,4.87774e-29,6.59058e-30,8.087630000000001e-29,11.665400000000002,3.53656,8.24886e-29,6.5692,3.60192e-15,2.6115700000000004e-23,2.46926e-23,2.37271e-24,2.2324300000000002e-14,1.14782e-21,2.46926e-23,2.37271e-24,1.2286e-13,3.13596e-20,2.46926e-23,2.37271e-24,1.14596e-13,3.46386e-20,2.46926e-23,2.37271e-24,0.185095
78,1609322400,2.4412700000000005e-24,2.4412800000000003e-24,0.0,0.0,2.8540299999999998e-11,1.79062e-13,-2.79981e-24,-3.44928e-24,9.12593e-24,9.67094e-23,0.0,0.0,1.1209200000000001e-24,9.73396e-26,1.61698e-27,4.15106e-28,8.817330000000001e-29,7.16562e-29,3.23578e-29,2.3475099999999998e-29,4.87774e-29,6.59058e-30,8.087630000000001e-29,11.665400000000002,3.53656,8.24886e-29,6.5692,3.60192e-15,2.6115700000000004e-23,2.46926e-23,2.37271e-24,2.2324300000000002e-14,1.14782e-21,2.46926e-23,2.37271e-24,1.2286e-13,3.13596e-20,2.46926e-23,2.37271e-24,1.14596e-13,3.46386e-20,2.46926e-23,2.37271e-24,0.185095
78,1609323000,4.188661795e-07,4.188661795e-07,23.0180808,3040.1281036,0.00216472800285403,0.0003460906660179062,0.0010278515830032,0.000442071689851,7.58185751e-08,3.4444767099999996e-07,0.0,0.0,5.479298852400001e-09,8.532576222000002e-09,6.628323230000001e-09,6.176905819999999e-09,5.8984763440000005e-09,5.6792663439999996e-09,5.3334491539999995e-09,5.468915384e-09,2.0322012478e-08,1.4620681578e-08,1.2528368051e-07,108.13463999999999,100.54745600000001,3.5091784237399997e-12,9.153998999999999,9.741871640036019e-05,0.0010341290461,1.8191052510000004e-08,3.1516229490000003e-09,7.755533240223243e-05,0.000625939565,1.8191052510000004e-08,3.1516229490000003e-09,4.1757993512286004e-05,0.00022023033936999998,1.8191052510000004e-08,3.1516229490000003e-09,6.47268856814596e-05,0.00045887706701000004,1.8191052510000004e-08,3.1516229490000003e-09,0.1851179
78,1609323600,2.27585521e-07,2.2758562100000004e-07,-12.826412,490.815743,0.0006922191726711801,0.000188239945100798,0.00031093377680994097,0.00023657358572500004,6.0744577e-08,2.6568864000000004e-07,0.0,0.0,2.561727173000001e-09,4.367887930000001e-09,3.4432848499999996e-09,3.3889916499999996e-09,3.0470790099999997e-09,2.92241393e-09,3.0608025200000005e-09,2.79613482e-09,1.074825078e-08,7.860967e-09,6.95885813e-08,109.89451000000001,103.95967700000001,1.84357042e-12,9.146863999999999,6.228082770166343e-05,0.0005666600959999999,1.1884894990000012e-08,1.8256856500000012e-09,4.936229950924241e-05,0.000322478607,1.1884894990000012e-08,1.8256856500000012e-09,2.6195033784689895e-05,0.00010715413770000003,1.1884894990000012e-08,1.8256856500000012e-09,4.13763284432615e-05,0.00022776380210000002,1.1884894990000012e-08,1.8256856500000012e-09,0.1852398
78,1609324200,1.20634e-23,1.20634e-23,0.0,0.0,2.67118e-11,1.00798e-12,3.0994100000000004e-12,3.75786e-24,1.4072699999999998e-23,7.719770000000001e-23,0.0,0.0,5.82778e-24,1.94711e-25,5.90197e-27,1.1758000000000002e-27,5.707510000000001e-28,2.8364900000000006e-28,2.07468e-28,1.4040900000000003e-28,3.4398299999999994e-28,4.72443e-29,5.741279999999999e-28,13.4281,3.0987700000000005,4.09154e-28,6.5967,1.6634300000000003e-14,1.02487e-22,1.0347400000000002e-22,1.3003499999999999e-23,9.24241e-14,3.24966e-21,1.0347400000000002e-22,1.3003499999999999e-23,8.468990000000001e-13,2.67147e-19,1.0347400000000002e-22,1.3003499999999999e-23,4.32615e-13,7.03157e-20,1.0347400000000002e-22,1.3003499999999999e-23,0.185247
78,1609324800,1.20634e-23,1.20634e-23,0.0,0.0,2.67118e-11,1.00798e-12,3.0994100000000004e-12,3.75786e-24,1.4072699999999998e-23,7.719770000000001e-23,0.0,0.0,5.82778e-24,1.94711e-25,5.90197e-27,1.1758000000000002e-27,5.707510000000001e-28,2.8364900000000006e-28,2.07468e-28,1.4040900000000003e-28,3.4398299999999994e-28,4.72443e-29,5.741279999999999e-28,13.4281,3.0987700000000005,4.09154e-28,6.5967,1.6634300000000003e-14,1.02487e-22,1.0347400000000002e-22,1.3003499999999999e-23,9.24241e-14,3.24966e-21,1.0347400000000002e-22,1.3003499999999999e-23,8.468990000000001e-13,2.67147e-19,1.0347400000000002e-22,1.3003499999999999e-23,4.32615e-13,7.03157e-20,1.0347400000000002e-22,1.3003499999999999e-23,0.185247
78,1609325400,1.20634e-23,1.20634e-23,0.0,0.0,2.67118e-11,1.00798e-12,3.0994100000000004e-12,3.75786e-24,1.4072699999999998e-23,7.719770000000001e-23,0.0,0.0,5.82778e-24,1.94711e-25,5.90197e-27,1.1758000000000002e-27,5.707510000000001e-28,2.8364900000000006e-28,2.07468e-28,1.4040900000000003e-28,3.4398299999999994e-28,4.72443e-29,5.741279999999999e-28,13.4281,3.0987700000000005,4.09154e-28,6.5967,1.6634300000000003e-14,1.02487e-22,1.0347400000000002e-22,1.3003499999999999e-23,9.24241e-14,3.24966e-21,1.0347400000000002e-22,1.3003499999999999e-23,8.468990000000001e-13,2.67147e-19,1.0347400000000002e-22,1.3003499999999999e-23,4.32615e-13,7.03157e-20,1.0347400000000002e-22,1.3003499999999999e-23,0.185247
78,1609326000,1.20634e-23,1.20634e-23,0.0,0.0,2.67118e-11,1.00798e-12,3.0994100000000004e-12,3.75786e-24,1.4072699999999998e-23,7.719770000000001e-23,0.0,0.0,5.82778e-24,1.94711e-25,5.90197e-27,1.1758000000000002e-27,5.707510000000001e-28,2.8364900000000006e-28,2.07468e-28,1.4040900000000003e-28,3.4398299999999994e-28,4.72443e-29,5.741279999999999e-28,13.4281,3.0987700000000005,4.09154e-28,6.5967,1.6634300000000003e-14,1.02487e-22,1.0347400000000002e-22,1.3003499999999999e-23,9.24241e-14,3.24966e-21,1.0347400000000002e-22,1.3003499999999999e-23,8.468990000000001e-13,2.67147e-19,1.0347400000000002e-22,1.3003499999999999e-23,4.32615e-13,7.03157e-20,1.0347400000000002e-22,1.3003499999999999e-23,0.185247
78,1609326600,1.20634e-23,1.20634e-23,0.0,0.0,2.67118e-11,1.00798e-12,3.0994100000000004e-12,3.75786e-24,1.4072699999999998e-23,7.719770000000001e-23,0.0,0.0,5.82778e-24,1.94711e-25,5.90197e-27,1.1758000000000002e-27,5.707510000000001e-28,2.8364900000000006e-28,2.07468e-28,1.4040900000000003e-28,3.4398299999999994e-28,4.72443e-29,5.741279999999999e-28,13.4281,3.0987700000000005,4.09154e-28,6.5967,1.6634300000000003e-14,1.02487e-22,1.0347400000000002e-22,1.3003499999999999e-23,9.24241e-14,3.24966e-21,1.0347400000000002e-22,1.3003499999999999e-23,8.468990000000001e-13,2.67147e-19,1.0347400000000002e-22,1.3003499999999999e-23,4.32615e-13,7.03157e-20,1.0347400000000002e-22,1.3003499999999999e-23,0.185247
78,1609327200,1.20634e-23,1.20634e-23,0.0,0.0,2.67118e-11,1.00798e-12,3.0994100000000004e-12,3.75786e-24,1.4072699999999998e-23,7.719770000000001e-23,0.0,0.0,5.82778e-24,1.94711e-25,5.90197e-27,1.1758000000000002e-27,5.707510000000001e-28,2.8364900000000006e-28,2.07468e-28,1.4040900000000003e-28,3.4398299999999994e-28,4.72443e-29,5.741279999999999e-28,13.4281,3.0987700000000005,4.09154e-28,6.5967,1.6634300000000003e-14,1.02487e-22,1.0347400000000002e-22,1.3003499999999999e-23,9.24241e-14,3.24966e-21,1.0347400000000002e-22,1.3003499999999999e-23,8.468990000000001e-13,2.67147e-19,1.0347400000000002e-22,1.3003499999999999e-23,4.32615e-13,7.03157e-20,1.0347400000000002e-22,1.3003499999999999e-23,0.185247
78,1609327800,1.20634e-23,1.20634e-23,0.0,0.0,2.67118e-11,1.00798e-12,3.0994100000000004e-12,3.75786e-24,1.4072699999999998e-23,7.719770000000001e-23,0.0,0.0,5.82778e-24,1.94711e-25,5.90197e-27,1.1758000000000002e-27,5.707510000000001e-28,2.8364900000000006e-28,2.07468e-28,1.4040900000000003e-28,3.4398299999999994e-28,4.72443e-29,5.741279999999999e-28,13.4281,3.0987700000000005,4.09154e-28,6.5967,1.6634300000000003e-14,1.02487e-22,1.0347400000000002e-22,1.3003499999999999e-23,9.24241e-14,3.24966e-21,1.0347400000000002e-22,1.3003499999999999e-23,8.468990000000001e-13,2.67147e-19,1.0347400000000002e-22,1.3003499999999999e-23,4.32615e-13,7.03157e-20,1.0347400000000002e-22,1.3003499999999999e-23,0.185247
78,1609328400,1.20634e-23,1.20634e-23,0.0,0.0,2.67118e-11,1.00798e-12,3.0994100000000004e-12,3.75786e-24,1.4072699999999998e-23,7.719770000000001e-23,0.0,0.0,5.82778e-24,1.94711e-25,5.90197e-27,1.1758000000000002e-27,5.707510000000001e-28,2.8364900000000006e-28,2.07468e-28,1.4040900000000003e-28,3.4398299999999994e-28,4.72443e-29,5.741279999999999e-28,13.4281,3.0987700000000005,4.09154e-28,6.5967,1.6634300000000003e-14,1.02487e-22,1.0347400000000002e-22,1.3003499999999999e-23,9.24241e-14,3.24966e-21,1.0347400000000002e-22,1.3003499999999999e-23,8.468990000000001e-13,2.67147e-19,1.0347400000000002e-22,1.3003499999999999e-23,4.32615e-13,7.03157e-20,1.0347400000000002e-22,1.3003499999999999e-23,0.185247
78,1609329000,1.20634e-23,1.20634e-23,0.0,0.0,2.67118e-11,1.00798e-12,3.0994100000000004e-12,3.75786e-24,1.4072699999999998e-23,7.719770000000001e-23,0.0,0.0,5.82778e-24,1.94711e-25,5.90197e-27,1.1758000000000002e-27,5.707510000000001e-28,2.8364900000000006e-28,2.07468e-28,1.4040900000000003e-28,3.4398299999999994e-28,4.72443e-29,5.741279999999999e-28,13.4281,3.0987700000000005,4.09154e-28,6.5967,1.6634300000000003e-14,1.02487e-22,1.0347400000000002e-22,1.3003499999999999e-23,9.24241e-14,3.24966e-21,1.0347400000000002e-22,1.3003499999999999e-23,8.468990000000001e-13,2.67147e-19,1.0347400000000002e-22,1.3003499999999999e-23,4.32615e-13,7.03157e-20,1.0347400000000002e-22,1.3003499999999999e-23,0.185247
78,1609329600,1.20634e-23,1.20634e-23,0.0,0.0,2.67118e-11,1.00798e-12,3.0994100000000004e-12,3.75786e-24,1.4072699999999998e-23,7.719770000000001e-23,0.0,0.0,5.82778e-24,1.94711e-25,5.90197e-27,1.1758000000000002e-27,5.707510000000001e-28,2.8364900000000006e-28,2.07468e-28,1.4040900000000003e-28,3.4398299999999994e-28,4.72443e-29,5.741279999999999e-28,13.4281,3.0987700000000005,4.09154e-28,6.5967,1.6634300000000003e-14,1.02487e-22,1.0347400000000002e-22,1.3003499999999999e-23,9.24241e-14,3.24966e-21,1.0347400000000002e-22,1.3003499999999999e-23,8.468990000000001e-13,2.67147e-19,1.0347400000000002e-22,1.3003499999999999e-23,4.32615e-13,7.03157e-20,1.0347400000000002e-22,1.3003499999999999e-23,0.185247
78,1609330200,1.20634e-23,1.20634e-23,0.0,0.0,2.67118e-11,1.00798e-12,3.0994100000000004e-12,3.75786e-24,1.4072699999999998e-23,7.719770000000001e-23,0.0,0.0,5.82778e-24,1.94711e-25,5.90197e-27,1.1758000000000002e-27,5.707510000000001e-28,2.8364900000000006e-28,2.07468e-28,1.4040900000000003e-28,3.4398299999999994e-28,4.72443e-29,5.741279999999999e-28,13.4281,3.0987700000000005,4.09154e-28,6.5967,1.6634300000000003e-14,1.02487e-22,1.0347400000000002e-22,1.3003499999999999e-23,9.24241e-14,3.24966e-21,1.0347400000000002e-22,1.3003499999999999e-23,8.468990000000001e-13,2.67147e-19,1.0347400000000002e-22,1.3003499999999999e-23,4.32615e-13,7.03157e-20,1.0347400000000002e-22,1.3003499999999999e-23,0.185247
78,1609330800,1.20634e-23,1.20634e-23,0.0,0.0,2.67118e-11,1.00798e-12,3.0994100000000004e-12,3.75786e-24,1.4072699999999998e-23,7.719770000000001e-23,0.0,0.0,5.82778e-24,1.94711e-25,5.90197e-27,1.1758000000000002e-27,5.707510000000001e-28,2.8364900000000006e-28,2.07468e-28,1.4040900000000003e-28,3.4398299999999994e-28,4.72443e-29,5.741279999999999e-28,13.4281,3.0987700000000005,4.09154e-28,6.5967,1.6634300000000003e-14,1.02487e-22,1.0347400000000002e-22,1.3003499999999999e-23,9.24241e-14,3.24966e-21,1.0347400000000002e-22,1.3003499999999999e-23,8.468990000000001e-13,2.67147e-19,1.0347400000000002e-22,1.3003499999999999e-23,4.32615e-13,7.03157e-20,1.0347400000000002e-22,1.3003499999999999e-23,0.185247
78,1609331400,1.20634e-23,1.20634e-23,0.0,0.0,2.67118e-11,1.00798e-12,3.0994100000000004e-12,3.75786e-24,1.4072699999999998e-23,7.719770000000001e-23,0.0,0.0,5.82778e-24,1.94711e-25,5.90197e-27,1.1758000000000002e-27,5.707510000000001e-28,2.8364900000000006e-28,2.07468e-28,1.4040900000000003e-28,3.4398299999999994e-28,4.72443e-29,5.741279999999999e-28,13.4281,3.0987700000000005,4.09154e-28,6.5967,1.6634300000000003e-14,1.02487e-22,1.0347400000000002e-22,1.3003499999999999e-23,9.24241e-14,3.24966e-21,1.0347400000000002e-22,1.3003499999999999e-23,8.468990000000001e-13,2.67147e-19,1.0347400000000002e-22,1.3003499999999999e-23,4.32615e-13,7.03157e-20,1.0347400000000002e-22,1.3003499999999999e-23,0.185247
78,1609332000,1.20634e-23,1.20634e-23,0.0,0.0,2.67118e-11,1.00798e-12,3.0994100000000004e-12,3.75786e-24,1.4072699999999998e-23,7.719770000000001e-23,0.0,0.0,5.82778e-24,1.94711e-25,5.90197e-27,1.1758000000000002e-27,5.707510000000001e-28,2.8364900000000006e-28,2.07468e-28,1.4040900000000003e-28,3.4398299999999994e-28,4.72443e-29,5.741279999999999e-28,13.4281,3.0987700000000005,4.09154e-28,6.5967,1.6634300000000003e-14,1.02487e-22,1.0347400000000002e-22,1.3003499999999999e-23,9.24241e-14,3.24966e-21,1.0347400000000002e-22,1.3003499999999999e-23,8.468990000000001e-13,2.67147e-19,1.0347400000000002e-22,1.3003499999999999e-23,4.32615e-13,7.03157e-20,1.0347400000000002e-22,1.3003499999999999e-23,0.185247
78,1609332600,1.20634e-23,1.20634e-23,0.0,0.0,2.67118e-11,1.00798e-12,3.0994100000000004e-12,3.75786e-24,1.4072699999999998e-23,7.719770000000001e-23,0.0,0.0,5.82778e-24,1.94711e-25,5.90197e-27,1.1758000000000002e-27,5.707510000000001e-28,2.8364900000000006e-28,2.07468e-28,1.4040900000000003e-28,3.4398299999999994e-28,4.72443e-29,5.741279999999999e-28,13.4281,3.0987700000000005,4.09154e-28,6.5967,1.6634300000000003e-14,1.02487e-22,1.0347400000000002e-22,1.3003499999999999e-23,9.24241e-14,3.24966e-21,1.0347400000000002e-22,1.3003499999999999e-23,8.468990000000001e-13,2.67147e-19,1.0347400000000002e-22,1.3003499999999999e-23,4.32615e-13,7.03157e-20,1.0347400000000002e-22,1.3003499999999999e-23,0.185247
78,1609333200,1.20634e-23,1.20634e-23,0.0,0.0,2.67118e-11,1.00798e-12,3.0994100000000004e-12,3.75786e-24,1.4072699999999998e-23,7.719770000000001e-23,0.0,0.0,5.82778e-24,1.94711e-25,5.90197e-27,1.1758000000000002e-27,5.707510000000001e-28,2.8364900000000006e-28,2.07468e-28,1.4040900000000003e-28,3.4398299999999994e-28,4.72443e-29,5.741279999999999e-28,13.4281,3.0987700000000005,4.09154e-28,6.5967,1.6634300000000003e-14,1.02487e-22,1.0347400000000002e-22,1.3003499999999999e-23,9.24241e-14,3.24966e-21,1.0347400000000002e-22,1.3003499999999999e-23,8.468990000000001e-13,2.67147e-19,1.0347400000000002e-22,1.3003499999999999e-23,4.32615e-13,7.03157e-20,1.0347400000000002e-22,1.3003499999999999e-23,0.185247
78,1609333800,1.20634e-23,1.20634e-23,0.0,0.0,2.67118e-11,1.00798e-12,3.0994100000000004e-12,3.75786e-24,1.4072699999999998e-23,7.719770000000001e-23,0.0,0.0,5.82778e-24,1.94711e-25,5.90197e-27,1.1758000000000002e-27,5.707510000000001e-28,2.8364900000000006e-28,2.07468e-28,1.4040900000000003e-28,3.4398299999999994e-28,4.72443e-29,5.741279999999999e-28,13.4281,3.0987700000000005,4.09154e-28,6.5967,1.6634300000000003e-14,1.02487e-22,1.0347400000000002e-22,1.3003499999999999e-23,9.24241e-14,3.24966e-21,1.0347400000000002e-22,1.3003499999999999e-23,8.468990000000001e-13,2.67147e-19,1.0347400000000002e-22,1.3003499999999999e-23,4.32615e-13,7.03157e-20,1.0347400000000002e-22,1.3003499999999999e-23,0.185247
78,1609334400,1.20634e-23,1.20634e-23,0.0,0.0,2.67118e-11,1.00798e-12,3.0994100000000004e-12,3.75786e-24,1.4072699999999998e-23,7.719770000000001e-23,0.0,0.0,5.82778e-24,1.94711e-25,5.90197e-27,1.1758000000000002e-27,5.707510000000001e-28,2.8364900000000006e-28,2.07468e-28,1.4040900000000003e-28,3.4398299999999994e-28,4.72443e-29,5.741279999999999e-28,13.4281,3.0987700000000005,4.09154e-28,6.5967,1.6634300000000003e-14,1.02487e-22,1.0347400000000002e-22,1.3003499999999999e-23,9.24241e-14,3.24966e-21,1.0347400000000002e-22,1.3003499999999999e-23,8.468990000000001e-13,2.67147e-19,1.0347400000000002e-22,1.3003499999999999e-23,4.32615e-13,7.03157e-20,1.0347400000000002e-22,1.3003499999999999e-23,0.185247
78,1609335000,1.20634e-23,1.20634e-23,0.0,0.0,2.67118e-11,1.00798e-12,3.0994100000000004e-12,3.75786e-24,1.4072699999999998e-23,7.719770000000001e-23,0.0,0.0,5.82778e-24,1.94711e-25,5.90197e-27,1.1758000000000002e-27,5.707510000000001e-28,2.8364900000000006e-28,2.07468e-28,1.4040900000000003e-28,3.4398299999999994e-28,4.72443e-29,5.741279999999999e-28,13.4281,3.0987700000000005,4.09154e-28,6.5967,1.6634300000000003e-14,1.02487e-22,1.0347400000000002e-22,1.3003499999999999e-23,9.24241e-14,3.24966e-21,1.0347400000000002e-22,1.3003499999999999e-23,8.468990000000001e-13,2.67147e-19,1.0347400000000002e-22,1.3003499999999999e-23,4.32615e-13,7.03157e-20,1.0347400000000002e-22,1.3003499999999999e-23,0.185247
78,1609335600,1.20634e-23,1.20634e-23,0.0,0.0,2.67118e-11,1.00798e-12,3.0994100000000004e-12,3.75786e-24,1.4072699999999998e-23,7.719770000000001e-23,0.0,0.0,5.82778e-24,1.94711e-25,5.90197e-27,1.1758000000000002e-27,5.707510000000001e-28,2.8364900000000006e-28,2.07468e-28,1.4040900000000003e-28,3.4398299999999994e-28,4.72443e-29,5.741279999999999e-28,13.4281,3.0987700000000005,4.09154e-28,6.5967,1.6634300000000003e-14,1.02487e-22,1.0347400000000002e-22,1.3003499999999999e-23,9.24241e-14,3.24966e-21,1.0347400000000002e-22,1.3003499999999999e-23,8.468990000000001e-13,2.67147e-19,1.0347400000000002e-22,1.3003499999999999e-23,4.32615e-13,7.03157e-20,1.0347400000000002e-22,1.3003499999999999e-23,0.185247
78,1609336200,9.96024400000001e-10,9.96024400000001e-10,74.60096999999999,6746.841,0.0021743720026711796,9.09301900798e-07,1.40244315331e-07,5.196788043e-09,2.0296460000000015e-09,1.574985000000001e-08,0.0,0.0,3.995084000000582e-12,9.47397900000002e-12,9.459776e-12,1.0596721999999999e-11,1.0326535000000001e-11,9.21377e-12,9.885203999999998e-12,9.734478999999999e-12,4.095137e-11,3.996174e-11,3.444015e-10,115.05801000000001,114.31047700000002,7.014562000000041e-15,9.157081,5.663218016634301e-07,1.7686524e-06,9.824324000001034e-11,1.13424970000013e-11,5.5724820924241e-07,8.915332000000003e-07,9.824324000001034e-11,1.13424970000013e-11,3.637984846899e-07,1.5638418000002673e-07,9.824324000001034e-11,1.13424970000013e-11,5.223400432615e-07,3.95832500000007e-07,9.824324000001034e-11,1.13424970000013e-11,0.185247
78,1609336800,2.1899344e-07,2.1899344e-07,9.463837999999999,157.99616399999996,0.0024354780000000005,0.00018109246999999999,0.000604729829,0.00034247236670000003,6.4064894e-08,2.9068413e-07,0.0,0.0,2.05501237e-09,3.9825354e-09,3.2824229999999996e-09,3.0235067e-09,3.10752167e-09,2.7365214000000004e-09,2.7018940999999997e-09,2.5286564000000003e-09,1.00102765e-08,7.910732e-09,6.8155032e-08,120.86659999999999,115.71689999999998,1.75655056e-12,9.429876,6.4313891e-05,0.0005209971099999999,7.9314108e-09,1.2205031300000002e-09,5.1745011000000004e-05,0.00030288558000000004,7.9314108e-09,1.2205031300000002e-09,2.4604636e-05,6.017866600000001e-05,7.9314108e-09,1.2205031300000002e-09,4.2632792e-05,0.000185342226,7.9314108e-09,1.2205031300000002e-09,0.18525439999999999
78,1609337400,6.206067999999999e-07,6.206067999999999e-07,2.0706230999999997,4.2066082,0.002433372,0.0005118079000000001,0.0019666460000000003,0.0010305325578999999,1.2114421e-07,5.334739e-07,0.0,0.0,6.951283e-09,1.2085818e-08,9.704586e-09,9.306432e-09,8.213091e-09,8.063797e-09,8.137563000000001e-09,8.088123e-09,2.976586e-08,2.178037e-08,1.8820032999999998e-07,117.49769999999998,108.7482,5.051192e-12,9.425515,0.00015221889000000002,0.0015093082,3.001094e-08,4.144884e-09,0.00012025059000000001,0.0008898332999999999,3.001094e-08,4.144884e-09,6.0131400000000005e-05,0.00025652506,3.001094e-08,4.144884e-09,9.953804000000002e-05,0.0006299882,3.001094e-08,4.144884e-09,0.18526959999999998
78,1609338000,1.2069340000000001e-06,1.2069340000000001e-06,0.194449239,-1.294108,0.0023618069999999996,0.0009955832,0.0016997040000000002,0.001495519,9.139047000000001e-08,5.852333e-07,0.0,0.0,1.526478e-08,2.624312e-08,2.1173980000000002e-08,1.908164e-08,1.718773e-08,1.649116e-08,1.5355670000000003e-08,1.565446e-08,5.80645e-08,4.082949e-08,3.5810980000000004e-07,115.381,104.28119999999998,1.0131180000000001e-11,9.420669,0.0002488432,0.00310128,4.306447e-08,6.782403e-09,0.0001971278,0.0019470219999999996,4.306447e-08,6.782403e-09,9.900992e-05,0.0005761522,4.306447e-08,6.782403e-09,0.00016346889999999998,0.00139751,4.306447e-08,6.782403e-09,0.1853148
78,1609338600,8.955836999999999e-07,8.955836999999999e-07,-1.3224784,2.7819142,0.0017667350000000002,0.0007388792,0.0010860366,0.0009097542999999999,1.0853915999999999e-07,5.467648999999999e-07,0.0,0.0,1.0976912e-08,1.8957013999999997e-08,1.5089629000000002e-08,1.3202483000000001e-08,1.2983272999999999e-08,1.1866067e-08,1.1327897000000001e-08,1.1417247e-08,4.4339206000000004e-08,3.0729449000000004e-08,2.668955e-07,116.57969999999997,106.85830000000001,7.394992e-12,9.423986000000001,0.00019664055999999997,0.0022610312000000002,2.8609409999999993e-08,5.453871000000001e-09,0.00015591991000000002,0.0013916025000000002,2.8609409999999993e-08,5.453871000000001e-09,8.151987000000001e-05,0.00046153770000000006,2.8609409999999993e-08,5.453871000000001e-09,0.00012659690999999997,0.0009746517999999999,2.8609409999999993e-08,5.453871000000001e-09,0.1853585
78,1609339200,9.909993000000002e-08,9.909993000000002e-08,-11.08497,165.21083099999998,0.00049906716,8.261191e-05,0.00015878793,0.00011004119000000003,4.3805051e-08,2.4330360999999993e-07,0.0,0.0,8.993098800000002e-10,1.6762689e-09,1.3804577e-09,1.3619548000000001e-09,1.2471402e-09,1.1769181000000001e-09,1.231243e-09,1.1998381e-09,4.6663376e-09,3.5926302e-09,3.1117493e-08,121.33310000000002,116.6614,7.8964404e-13,9.429482000000002,3.5129167000000006e-05,0.00022665265000000002,5.8963812e-09,8.040423899999999e-10,2.9342661e-05,0.00012951390999999996,5.8963812e-09,8.040423899999999e-10,1.5111068999999999e-05,2.954581899999999e-05,5.8963812e-09,8.040423899999999e-10,2.4568026e-05,7.9332303e-05,5.8963812e-09,8.040423899999999e-10,0.18539710000000004
78,1609339800,3.4092205e-09,3.4092205e-09,-68.79791,7304.8919,5.8328869999999994e-05,3.0059857e-06,9.278417463444593e-06,2.8140095622892e-06,3.6652004999999995e-09,2.3596101999999998e-08,0.0,0.0,1.94299295e-11,4.3111372000000004e-11,3.8004137e-11,4.2823761999999994e-11,4.2114271e-11,4.438163399999999e-11,3.616516200000001e-11,3.4611201e-11,1.44043848e-10,1.3154440800000003e-10,1.1282647099999999e-09,114.12218999999997,112.04446664,2.525402273e-14,9.118272999999999,1.8412205e-06,7.5127493e-06,5.075705e-10,5.225243199999999e-11,1.6428906399999997e-06,3.39320911e-06,5.075705e-10,5.225243199999999e-11,1.0256119e-06,7.5094805e-07,5.075705e-10,5.225243199999999e-11,1.5520358e-06,1.81314861e-06,5.075705e-10,5.225243199999999e-11,0.1853999
78,1609340400,2.0372500000000002e-11,2.0372500000000002e-11,-16.7776,2839.9900000000002,2.5559e-06,1.9039000000000003e-08,4.445940029734919e-16,3.709877e-24,6.09558e-11,6.40527e-10,0.0,0.0,8.11925e-14,2.0500200000000003e-13,2.0620999999999999e-13,2.0624000000000001e-13,2.0624399999999997e-13,2.0624399999999997e-13,2.0624399999999997e-13,2.0624399999999997e-13,8.249779999999999e-13,8.249779999999999e-13,7.012310000000001e-12,24.75731,12.741399759999998,6.17373e-18,6.476622000000001,1.43774e-08,4.07171e-08,4.67637e-12,4.51455e-13,1.59925e-08,2.7036899999999997e-08,4.67637e-12,4.51455e-13,1.0868200000000003e-08,3.7875300000000005e-09,4.67637e-12,4.51455e-13,1.53786e-08,1.2465e-08,4.67637e-12,4.51455e-13,0.1854
78,1609341000,0.0,0.0,0.0,0.0,8.54161e-24,3.31878e-24,3.3038800000000002e-24,3.3038800000000002e-24,0.0,0.0,0.0,0.0,0.0,0.0,0.0,0.0,0.0,0.0,0.0,0.0,0.0,0.0,0.0,13.4739,0.09866640000000002,0.0,6.13286,2.1975299999999996e-27,0.0,0.0,0.0,1.04841e-26,0.0,0.0,0.0,3.31352e-24,3.2790400000000005e-43,0.0,0.0,4.4445e-26,1.4013e-45,0.0,0.0,0.1854
78,1609341600,0.0,0.0,0.0,0.0,8.54161e-24,3.31878e-24,3.3038800000000002e-24,3.3038800000000002e-24,0.0,0.0,0.0,0.0,0.0,0.0,0.0,0.0,0.0,0.0,0.0,0.0,0.0,0.0,0.0,13.4739,0.09866640000000002,0.0,6.13286,2.1975299999999996e-27,0.0,0.0,0.0,1.04841e-26,0.0,0.0,0.0,3.31352e-24,3.2790400000000005e-43,0.0,0.0,4.4445e-26,1.4013e-45,0.0,0.0,0.1854
78,1609342200,0.0,0.0,0.0,0.0,8.54161e-24,3.31878e-24,3.3038800000000002e-24,3.3038800000000002e-24,0.0,0.0,0.0,0.0,0.0,0.0,0.0,0.0,0.0,0.0,0.0,0.0,0.0,0.0,0.0,13.4739,0.09866640000000002,0.0,6.13286,2.1975299999999996e-27,0.0,0.0,0.0,1.04841e-26,0.0,0.0,0.0,3.31352e-24,3.2790400000000005e-43,0.0,0.0,4.4445e-26,1.4013e-45,0.0,0.0,0.1854
78,1609342800,0.0,0.0,0.0,0.0,8.54161e-24,3.31878e-24,3.3038800000000002e-24,3.3038800000000002e-24,0.0,0.0,0.0,0.0,0.0,0.0,0.0,0.0,0.0,0.0,0.0,0.0,0.0,0.0,0.0,13.4739,0.09866640000000002,0.0,6.13286,2.1975299999999996e-27,0.0,0.0,0.0,1.04841e-26,0.0,0.0,0.0,3.31352e-24,3.2790400000000005e-43,0.0,0.0,4.4445e-26,1.4013e-45,0.0,0.0,0.1854
78,1609343400,0.0,0.0,0.0,0.0,8.54161e-24,3.31878e-24,3.3038800000000002e-24,3.3038800000000002e-24,0.0,0.0,0.0,0.0,0.0,0.0,0.0,0.0,0.0,0.0,0.0,0.0,0.0,0.0,0.0,13.4739,0.09866640000000002,0.0,6.13286,2.1975299999999996e-27,0.0,0.0,0.0,1.04841e-26,0.0,0.0,0.0,3.31352e-24,3.2790400000000005e-43,0.0,0.0,4.4445e-26,1.4013e-45,0.0,0.0,0.1854
78,1609344000,0.0,0.0,0.0,0.0,8.54161e-24,3.31878e-24,3.3038800000000002e-24,3.3038800000000002e-24,0.0,0.0,0.0,0.0,0.0,0.0,0.0,0.0,0.0,0.0,0.0,0.0,0.0,0.0,0.0,13.4739,0.09866640000000002,0.0,6.13286,2.1975299999999996e-27,0.0,0.0,0.0,1.04841e-26,0.0,0.0,0.0,3.31352e-24,3.2790400000000005e-43,0.0,0.0,4.4445e-26,1.4013e-45,0.0,0.0,0.1854
78,1609344600,0.0,0.0,0.0,0.0,8.54161e-24,3.31878e-24,3.3038800000000002e-24,3.3038800000000002e-24,0.0,0.0,0.0,0.0,0.0,0.0,0.0,0.0,0.0,0.0,0.0,0.0,0.0,0.0,0.0,13.4739,0.09866640000000002,0.0,6.13286,2.1975299999999996e-27,0.0,0.0,0.0,1.04841e-26,0.0,0.0,0.0,3.31352e-24,3.2790400000000005e-43,0.0,0.0,4.4445e-26,1.4013e-45,0.0,0.0,0.1854
78,1609345200,0.0,0.0,0.0,0.0,8.54161e-24,3.31878e-24,3.3038800000000002e-24,3.3038800000000002e-24,0.0,0.0,0.0,0.0,0.0,0.0,0.0,0.0,0.0,0.0,0.0,0.0,0.0,0.0,0.0,13.4739,0.09866640000000002,0.0,6.13286,2.1975299999999996e-27,0.0,0.0,0.0,1.04841e-26,0.0,0.0,0.0,3.31352e-24,3.2790400000000005e-43,0.0,0.0,4.4445e-26,1.4013e-45,0.0,0.0,0.1854
78,1609345800,0.0,0.0,0.0,0.0,8.54161e-24,3.31878e-24,3.3038800000000002e-24,3.3038800000000002e-24,0.0,0.0,0.0,0.0,0.0,0.0,0.0,0.0,0.0,0.0,0.0,0.0,0.0,0.0,0.0,13.4739,0.09866640000000002,0.0,6.13286,2.1975299999999996e-27,0.0,0.0,0.0,1.04841e-26,0.0,0.0,0.0,3.31352e-24,3.2790400000000005e-43,0.0,0.0,4.4445e-26,1.4013e-45,0.0,0.0,0.1854
78,1609346400,0.0,0.0,0.0,0.0,8.54161e-24,3.31878e-24,3.3038800000000002e-24,3.3038800000000002e-24,0.0,0.0,0.0,0.0,0.0,0.0,0.0,0.0,0.0,0.0,0.0,0.0,0.0,0.0,0.0,13.4739,0.09866640000000002,0.0,6.13286,2.1975299999999996e-27,0.0,0.0,0.0,1.04841e-26,0.0,0.0,0.0,3.31352e-24,3.2790400000000005e-43,0.0,0.0,4.4445e-26,1.4013e-45,0.0,0.0,0.1854
78,1609347000,0.0,0.0,0.0,0.0,8.54161e-24,3.31878e-24,3.3038800000000002e-24,3.3038800000000002e-24,0.0,0.0,0.0,0.0,0.0,0.0,0.0,0.0,0.0,0.0,0.0,0.0,0.0,0.0,0.0,13.4739,0.09866640000000002,0.0,6.13286,2.1975299999999996e-27,0.0,0.0,0.0,1.04841e-26,0.0,0.0,0.0,3.31352e-24,3.2790400000000005e-43,0.0,0.0,4.4445e-26,1.4013e-45,0.0,0.0,0.1854
78,1609347600,0.0,0.0,0.0,0.0,8.54161e-24,3.31878e-24,3.3038800000000002e-24,3.3038800000000002e-24,0.0,0.0,0.0,0.0,0.0,0.0,0.0,0.0,0.0,0.0,0.0,0.0,0.0,0.0,0.0,13.4739,0.09866640000000002,0.0,6.13286,2.1975299999999996e-27,0.0,0.0,0.0,1.04841e-26,0.0,0.0,0.0,3.31352e-24,3.2790400000000005e-43,0.0,0.0,4.4445e-26,1.4013e-45,0.0,0.0,0.1854
78,1609348200,0.0,0.0,0.0,0.0,8.54161e-24,3.31878e-24,3.3038800000000002e-24,3.3038800000000002e-24,0.0,0.0,0.0,0.0,0.0,0.0,0.0,0.0,0.0,0.0,0.0,0.0,0.0,0.0,0.0,13.4739,0.09866640000000002,0.0,6.13286,2.1975299999999996e-27,0.0,0.0,0.0,1.04841e-26,0.0,0.0,0.0,3.31352e-24,3.2790400000000005e-43,0.0,0.0,4.4445e-26,1.4013e-45,0.0,0.0,0.1854
78,1609348800,0.0,0.0,0.0,0.0,8.54161e-24,3.31878e-24,3.3038800000000002e-24,3.3038800000000002e-24,0.0,0.0,0.0,0.0,0.0,0.0,0.0,0.0,0.0,0.0,0.0,0.0,0.0,0.0,0.0,13.4739,0.09866640000000002,0.0,6.13286,2.1975299999999996e-27,0.0,0.0,0.0,1.04841e-26,0.0,0.0,0.0,3.31352e-24,3.2790400000000005e-43,0.0,0.0,4.4445e-26,1.4013e-45,0.0,0.0,0.1854
78,1609349400,0.0,0.0,0.0,0.0,8.54161e-24,3.31878e-24,3.3038800000000002e-24,3.3038800000000002e-24,0.0,0.0,0.0,0.0,0.0,0.0,0.0,0.0,0.0,0.0,0.0,0.0,0.0,0.0,0.0,13.4739,0.09866640000000002,0.0,6.13286,2.1975299999999996e-27,0.0,0.0,0.0,1.04841e-26,0.0,0.0,0.0,3.31352e-24,3.2790400000000005e-43,0.0,0.0,4.4445e-26,1.4013e-45,0.0,0.0,0.1854
78,1609350000,0.0,0.0,0.0,0.0,8.54161e-24,3.31878e-24,3.3038800000000002e-24,3.3038800000000002e-24,0.0,0.0,0.0,0.0,0.0,0.0,0.0,0.0,0.0,0.0,0.0,0.0,0.0,0.0,0.0,13.4739,0.09866640000000002,0.0,6.13286,2.1975299999999996e-27,0.0,0.0,0.0,1.04841e-26,0.0,0.0,0.0,3.31352e-24,3.2790400000000005e-43,0.0,0.0,4.4445e-26,1.4013e-45,0.0,0.0,0.1854
78,1609350600,0.0,0.0,0.0,0.0,8.54161e-24,3.31878e-24,3.3038800000000002e-24,3.3038800000000002e-24,0.0,0.0,0.0,0.0,0.0,0.0,0.0,0.0,0.0,0.0,0.0,0.0,0.0,0.0,0.0,13.4739,0.09866640000000002,0.0,6.13286,2.1975299999999996e-27,0.0,0.0,0.0,1.04841e-26,0.0,0.0,0.0,3.31352e-24,3.2790400000000005e-43,0.0,0.0,4.4445e-26,1.4013e-45,0.0,0.0,0.1854
78,1609351200,0.0,0.0,0.0,0.0,8.54161e-24,3.31878e-24,3.3038800000000002e-24,3.3038800000000002e-24,0.0,0.0,0.0,0.0,0.0,0.0,0.0,0.0,0.0,0.0,0.0,0.0,0.0,0.0,0.0,13.4739,0.09866640000000002,0.0,6.13286,2.1975299999999996e-27,0.0,0.0,0.0,1.04841e-26,0.0,0.0,0.0,3.31352e-24,3.2790400000000005e-43,0.0,0.0,4.4445e-26,1.4013e-45,0.0,0.0,0.1854
78,1609351800,0.0,0.0,0.0,0.0,8.54161e-24,3.31878e-24,3.3038800000000002e-24,3.3038800000000002e-24,0.0,0.0,0.0,0.0,0.0,0.0,0.0,0.0,0.0,0.0,0.0,0.0,0.0,0.0,0.0,13.4739,0.09866640000000002,0.0,6.13286,2.1975299999999996e-27,0.0,0.0,0.0,1.04841e-26,0.0,0.0,0.0,3.31352e-24,3.2790400000000005e-43,0.0,0.0,4.4445e-26,1.4013e-45,0.0,0.0,0.1854
78,1609352400,0.0,0.0,0.0,0.0,8.54161e-24,3.31878e-24,3.3038800000000002e-24,3.3038800000000002e-24,0.0,0.0,0.0,0.0,0.0,0.0,0.0,0.0,0.0,0.0,0.0,0.0,0.0,0.0,0.0,13.4739,0.09866640000000002,0.0,6.13286,2.1975299999999996e-27,0.0,0.0,0.0,1.04841e-26,0.0,0.0,0.0,3.31352e-24,3.2790400000000005e-43,0.0,0.0,4.4445e-26,1.4013e-45,0.0,0.0,0.1854
78,1609353000,0.0,0.0,0.0,0.0,8.54161e-24,3.31878e-24,3.3038800000000002e-24,3.3038800000000002e-24,0.0,0.0,0.0,0.0,0.0,0.0,0.0,0.0,0.0,0.0,0.0,0.0,0.0,0.0,0.0,13.4739,0.09866640000000002,0.0,6.13286,2.1975299999999996e-27,0.0,0.0,0.0,1.04841e-26,0.0,0.0,0.0,3.31352e-24,3.2790400000000005e-43,0.0,0.0,4.4445e-26,1.4013e-45,0.0,0.0,0.1854
78,1609353600,0.0,0.0,0.0,0.0,8.54161e-24,3.31878e-24,3.3038800000000002e-24,3.3038800000000002e-24,0.0,0.0,0.0,0.0,0.0,0.0,0.0,0.0,0.0,0.0,0.0,0.0,0.0,0.0,0.0,13.4739,0.09866640000000002,0.0,6.13286,2.1975299999999996e-27,0.0,0.0,0.0,1.04841e-26,0.0,0.0,0.0,3.31352e-24,3.2790400000000005e-43,0.0,0.0,4.4445e-26,1.4013e-45,0.0,0.0,0.1854
78,1609354200,0.0,0.0,0.0,0.0,8.54161e-24,3.31878e-24,3.3038800000000002e-24,3.3038800000000002e-24,0.0,0.0,0.0,0.0,0.0,0.0,0.0,0.0,0.0,0.0,0.0,0.0,0.0,0.0,0.0,13.4739,0.09866640000000002,0.0,6.13286,2.1975299999999996e-27,0.0,0.0,0.0,1.04841e-26,0.0,0.0,0.0,3.31352e-24,3.2790400000000005e-43,0.0,0.0,4.4445e-26,1.4013e-45,0.0,0.0,0.1854
78,1609354800,0.0,0.0,0.0,0.0,8.54161e-24,3.31878e-24,3.3038800000000002e-24,3.3038800000000002e-24,0.0,0.0,0.0,0.0,0.0,0.0,0.0,0.0,0.0,0.0,0.0,0.0,0.0,0.0,0.0,13.4739,0.09866640000000002,0.0,6.13286,2.1975299999999996e-27,0.0,0.0,0.0,1.04841e-26,0.0,0.0,0.0,3.31352e-24,3.2790400000000005e-43,0.0,0.0,4.4445e-26,1.4013e-45,0.0,0.0,0.1854
78,1609355400,0.0,0.0,0.0,0.0,8.54161e-24,3.31878e-24,3.3038800000000002e-24,3.3038800000000002e-24,0.0,0.0,0.0,0.0,0.0,0.0,0.0,0.0,0.0,0.0,0.0,0.0,0.0,0.0,0.0,13.4739,0.09866640000000002,0.0,6.13286,2.1975299999999996e-27,0.0,0.0,0.0,1.04841e-26,0.0,0.0,0.0,3.31352e-24,3.2790400000000005e-43,0.0,0.0,4.4445e-26,1.4013e-45,0.0,0.0,0.1854
78,1609356000,0.0,0.0,0.0,0.0,8.54161e-24,3.31878e-24,3.3038800000000002e-24,3.3038800000000002e-24,0.0,0.0,0.0,0.0,0.0,0.0,0.0,0.0,0.0,0.0,0.0,0.0,0.0,0.0,0.0,13.4739,0.09866640000000002,0.0,6.13286,2.1975299999999996e-27,0.0,0.0,0.0,1.04841e-26,0.0,0.0,0.0,3.31352e-24,3.2790400000000005e-43,0.0,0.0,4.4445e-26,1.4013e-45,0.0,0.0,0.1854
78,1609356600,0.0,0.0,0.0,0.0,8.54161e-24,3.31878e-24,3.3038800000000002e-24,3.3038800000000002e-24,0.0,0.0,0.0,0.0,0.0,0.0,0.0,0.0,0.0,0.0,0.0,0.0,0.0,0.0,0.0,13.4739,0.09866640000000002,0.0,6.13286,2.1975299999999996e-27,0.0,0.0,0.0,1.04841e-26,0.0,0.0,0.0,3.31352e-24,3.2790400000000005e-43,0.0,0.0,4.4445e-26,1.4013e-45,0.0,0.0,0.1854
78,1609357200,0.0,0.0,0.0,0.0,8.541609999999998e-24,3.31878e-24,3.30388e-24,3.30388e-24,0.0,0.0,0.0,0.0,0.0,0.0,0.0,0.0,0.0,0.0,0.0,0.0,0.0,0.0,0.0,13.4739,0.0986664,0.0,6.13286,2.19753e-27,0.0,0.0,0.0,1.04841e-26,0.0,0.0,0.0,3.31352e-24,3.27904e-43,0.0,0.0,4.4445e-26,1.4013000000000003e-45,0.0,0.0,0.1854
